,0
0,-0.0372241735458374
1,0.0007353044407782172
2,-0.012860357761383057
3,-0.07302689552307129
4,-0.0008271932601928711
5,-0.008417844772338867
6,-0.012371540069580078
7,-0.03258013725280762
8,-0.0611342191696167
9,-0.0669446587562561
10,-0.023089706897735596
11,-0.08304792642593384
12,-0.010713338851928711
13,0.17916136980056763
14,-0.07818591594696045
15,-0.035025715827941895
16,-0.0330774188041687
17,-0.053900718688964844
18,-0.032843172550201416
19,-0.03488558530807495
20,0.003141552209854126
21,0.17046737670898438
22,0.14675083756446838
23,-0.005053281784057617
24,0.006645768880844116
25,-0.05481630563735962
26,0.03300034999847412
27,0.15774795413017273
28,-0.02162998914718628
29,-0.008551597595214844
30,-0.0015451908111572266
31,-0.03675025701522827
32,-0.06182229518890381
33,-0.04244339466094971
34,-0.08289843797683716
35,-0.03688091039657593
36,-0.07926410436630249
37,-0.05715823173522949
38,-0.08027452230453491
39,0.027521967887878418
40,0.13332074880599976
41,-0.028918564319610596
42,0.02059018611907959
43,0.14465293288230896
44,-0.0655069351196289
45,-0.07988828420639038
46,-0.0665711760520935
47,-0.021401941776275635
48,0.1378837525844574
49,-0.06899434328079224
50,-0.05873936414718628
51,-0.06326568126678467
52,-0.07792603969573975
53,-0.0461806058883667
54,0.12368512153625488
55,-0.03434550762176514
56,-0.04057949781417847
57,-0.061411142349243164
58,-0.06090748310089111
59,-0.05543649196624756
60,-0.011564850807189941
61,-0.013658642768859863
62,-0.05207926034927368
63,0.17433810234069824
64,-0.003541707992553711
65,-0.04749321937561035
66,-0.058107972145080566
67,0.15614858269691467
68,-0.05356872081756592
69,0.15007862448692322
70,-0.023904144763946533
71,0.032397955656051636
72,-0.040495991706848145
73,-0.019308924674987793
74,-0.05026215314865112
75,-0.04895204305648804
76,0.007896512746810913
77,-0.013317525386810303
78,0.011086046695709229
79,-0.05642169713973999
80,0.11305323243141174
81,-0.0735200047492981
82,0.03277885913848877
83,-0.03305840492248535
84,-0.05555248260498047
85,-0.04518061876296997
86,-0.03485548496246338
87,0.03722080588340759
88,0.01764291524887085
89,-0.07436931133270264
90,0.0007353044407782172
91,-0.027208685874938965
92,0.02413398027420044
93,-0.02205348014831543
94,0.016361206769943237
95,-0.037755489349365234
96,-0.054585278034210205
97,-0.049122750759124756
98,-0.04116541147232056
99,0.0007353044407782172
100,0.15137416124343872
101,0.0003528296947479248
102,0.0019488334655761719
103,-0.033389270305633545
104,-0.04025733470916748
105,-0.014739990234375
106,-0.05272465944290161
107,-0.05734294652938843
108,-0.07272231578826904
109,-0.023859918117523193
110,-0.011465728282928467
111,-0.023089706897735596
112,-0.014074385166168213
113,-0.027698099613189697
114,0.12032663822174072
115,-0.05526232719421387
116,-0.03725939989089966
117,-0.061286985874176025
118,-0.017151057720184326
119,-0.027328193187713623
120,0.12579452991485596
121,-0.07460969686508179
122,0.16307681798934937
123,0.004925161600112915
124,0.12283337116241455
125,-0.03582495450973511
126,-0.040507733821868896
127,-0.029154539108276367
128,0.00680387020111084
129,-0.05340701341629028
130,-0.019153177738189697
131,0.06011080741882324
132,-0.05528414249420166
133,-0.05819106101989746
134,-0.08002746105194092
135,0.148402601480484
136,-0.05588996410369873
137,0.0007353044407782172
138,-0.02264845371246338
139,-0.042619943618774414
140,-0.049539923667907715
141,-0.016805410385131836
142,-0.02604842185974121
143,-0.027515649795532227
144,-0.024585247039794922
145,-0.008417844772338867
146,0.0007353044407782172
147,-0.048746466636657715
148,-0.07764559984207153
149,-0.06615781784057617
150,-0.046242594718933105
151,-0.044174134731292725
152,-0.05457407236099243
153,-0.05714690685272217
154,0.05127769708633423
155,-0.030107319355010986
156,-0.056067824363708496
157,-0.03809201717376709
158,0.15902766585350037
159,-0.04026603698730469
160,-0.022875607013702393
161,0.02059018611907959
162,0.00680387020111084
163,0.02703985571861267
164,-0.022779524326324463
165,-0.06392604112625122
166,-0.07411015033721924
167,-0.07942962646484375
168,0.0007353044407782172
169,-0.019966304302215576
170,0.1507459282875061
171,-0.008101403713226318
172,-0.08792603015899658
173,-0.019854724407196045
174,0.01371106505393982
175,0.12152794003486633
176,-0.055247485637664795
177,-0.011454582214355469
178,-0.008266091346740723
179,-0.038941144943237305
180,0.0007353044407782172
181,-0.02626335620880127
182,0.14450865983963013
183,-0.0625302791595459
184,-0.023859918117523193
185,0.0007353044407782172
186,0.0007353044407782172
187,-0.06726402044296265
188,0.1167212724685669
189,-0.04496246576309204
190,-0.0256880521774292
191,-0.06425952911376953
192,-0.05235213041305542
193,0.11799746751785278
194,-0.0443878173828125
195,0.13656142354011536
196,-0.04775351285934448
197,0.12396520376205444
198,-0.07139480113983154
199,-0.08591187000274658
200,-0.047514140605926514
201,-0.0033721327781677246
202,-0.039192378520965576
203,-0.04439288377761841
204,-0.008903324604034424
205,0.1370614767074585
206,-0.057492971420288086
207,-0.026171088218688965
208,0.1299770176410675
209,-0.06563544273376465
210,-0.07007253170013428
211,-0.009296298027038574
212,-0.06857764720916748
213,0.15081200003623962
214,-0.042762935161590576
215,-0.04985606670379639
216,-0.06312549114227295
217,0.14117282629013062
218,-0.03500396013259888
219,-0.04019075632095337
220,0.0007353044407782172
221,-0.0341261625289917
222,0.17528480291366577
223,0.13755345344543457
224,0.04637730121612549
225,-0.04179191589355469
226,-0.03464716672897339
227,-0.0712316632270813
228,-0.041189730167388916
229,0.0007353044407782172
230,-0.03455466032028198
231,-0.008903324604034424
232,-0.03663355112075806
233,-0.06031280755996704
234,-0.0045326948165893555
235,-0.04394721984863281
236,0.16108843684196472
237,0.0007353044407782172
238,0.024643659591674805
239,-0.029829978942871094
240,0.14759650826454163
241,-0.07016867399215698
242,-0.007433950901031494
243,-0.054853856563568115
244,-0.05802518129348755
245,-0.05130797624588013
246,0.0007353044407782172
247,0.08740270137786865
248,0.11825871467590332
249,0.0007353044407782172
250,-0.01812613010406494
251,-0.02616482973098755
252,-0.040605902671813965
253,-0.03477257490158081
254,0.048721492290496826
255,0.16174086928367615
256,0.012510061264038086
257,-0.02287226915359497
258,0.0007353044407782172
259,0.0007353044407782172
260,-0.05022972822189331
261,-0.033707618713378906
262,-0.02031397819519043
263,0.02703985571861267
264,-0.07143670320510864
265,0.0007782280445098877
266,-0.00014191865921020508
267,0.013541936874389648
268,-0.050822913646698
269,-0.06396275758743286
270,-0.0354536771774292
271,0.004925161600112915
272,0.02410539984703064
273,0.15035048127174377
274,-0.040173888206481934
275,-0.05214095115661621
276,-0.0037449002265930176
277,-0.05269402265548706
278,-0.0004659295082092285
279,-0.008018195629119873
280,-0.044702887535095215
281,-0.05187171697616577
282,0.004925161600112915
283,0.14850589632987976
284,0.13001748919487
285,0.004925161600112915
286,0.14912396669387817
287,-0.10588234663009644
288,0.0007353044407782172
289,-0.03434550762176514
290,0.019954264163970947
291,0.0007353044407782172
292,-0.044112205505371094
293,0.033701032400131226
294,-0.03981828689575195
295,0.0007353044407782172
296,-0.041675686836242676
297,-0.010001778602600098
298,-0.047895610332489014
299,-0.06825071573257446
300,-0.010873138904571533
301,-0.014371752738952637
302,-0.08669513463973999
303,0.12190273404121399
304,0.0007353044407782172
305,0.019924640655517578
306,0.14306402206420898
307,-0.03771340847015381
308,-0.017151057720184326
309,-0.0006195306777954102
310,-0.032134830951690674
311,0.14347738027572632
312,-0.04129648208618164
313,-0.059435129165649414
314,-0.024954020977020264
315,-0.054832279682159424
316,0.14303681254386902
317,0.0007782280445098877
318,0.0007353044407782172
319,-0.014739990234375
320,0.0007353044407782172
321,-0.0341261625289917
322,-0.0009414553642272949
323,-0.005761086940765381
324,-0.02702242136001587
325,-0.0011164546012878418
326,0.13545596599578857
327,-0.009232103824615479
328,-0.06278103590011597
329,0.13034427165985107
330,-0.055945396423339844
331,-0.06362158060073853
332,0.13713371753692627
333,-0.024954020977020264
334,0.0007353044407782172
335,-0.03285777568817139
336,0.12224021553993225
337,-0.04305785894393921
338,-0.04020798206329346
339,0.004553318023681641
340,0.17798203229904175
341,-0.004433751106262207
342,-0.029563307762145996
343,-0.026443898677825928
344,-0.056958019733428955
345,-0.07602661848068237
346,0.1727709174156189
347,0.007509857416152954
348,0.007637292146682739
349,-0.04487431049346924
350,0.1643313765525818
351,-0.03573805093765259
352,0.0355105996131897
353,-0.04901528358459473
354,0.10943624377250671
355,-0.019000351428985596
356,0.11401599645614624
357,-0.05039948225021362
358,-0.043321847915649414
359,-0.04420846700668335
360,-0.016805410385131836
361,-0.005060374736785889
362,0.1778961718082428
363,-0.04984515905380249
364,0.05271068215370178
365,0.033165425062179565
366,0.11379685997962952
367,-0.06704449653625488
368,-0.018399417400360107
369,-0.06700325012207031
370,-0.05055302381515503
371,-0.05400890111923218
372,-0.004312396049499512
373,-0.020252346992492676
374,0.03200671076774597
375,-0.030780017375946045
376,-0.05020815134048462
377,-0.024954020977020264
378,-0.030161619186401367
379,-0.042240023612976074
380,-0.029563307762145996
381,-0.0135725736618042
382,-0.0746532678604126
383,0.0007353044407782172
384,0.029561281204223633
385,-0.07385891675949097
386,-0.0464404821395874
387,-0.026361584663391113
388,0.01014101505279541
389,-0.0705609917640686
390,0.022458821535110474
391,-0.001057446002960205
392,0.1312108337879181
393,-0.04083043336868286
394,0.16595280170440674
395,-0.0474931001663208
396,0.0007353044407782172
397,0.14128828048706055
398,0.15365254878997803
399,-0.04424643516540527
400,-0.008018195629119873
401,-0.04552483558654785
402,-0.02076280117034912
403,-0.03205537796020508
404,0.17651405930519104
405,-0.06123042106628418
406,-0.009196937084197998
407,0.15035048127174377
408,0.18939834833145142
409,-0.03182089328765869
410,-0.021387815475463867
411,-0.026064932346343994
412,-0.026064932346343994
413,0.013517051935195923
414,-0.003034830093383789
415,0.10831844806671143
416,-0.06505268812179565
417,-0.03064131736755371
418,-0.008642196655273438
419,-0.0007213354110717773
420,-0.07010197639465332
421,-0.06028860807418823
422,0.1833755373954773
423,-0.05653351545333862
424,0.1320982277393341
425,0.1517707109451294
426,-0.030537843704223633
427,0.12340229749679565
428,-0.04333817958831787
429,-0.047675371170043945
430,0.0010443925857543945
431,-0.04129308462142944
432,-0.024120569229125977
433,-0.03510558605194092
434,-0.04481053352355957
435,-0.014997899532318115
436,0.12101420760154724
437,0.12338298559188843
438,-0.06273621320724487
439,-0.10043400526046753
440,-0.027698099613189697
441,0.1731228530406952
442,0.0007353044407782172
443,0.03297409415245056
444,-0.05994057655334473
445,-0.01855701208114624
446,-0.034038245677948
447,-0.010001778602600098
448,0.14865493774414062
449,0.008741229772567749
450,-0.03558093309402466
451,0.0007353044407782172
452,0.1833755373954773
453,0.1319071650505066
454,0.13455289602279663
455,-0.05763131380081177
456,-0.05251932144165039
457,-0.02714163064956665
458,-0.04452162981033325
459,-0.033656537532806396
460,-0.07764023542404175
461,0.12925663590431213
462,0.03538060188293457
463,0.15478330850601196
464,-0.08850157260894775
465,0.05585935711860657
466,-0.020145535469055176
467,0.02048596739768982
468,0.03496548533439636
469,0.14787745475769043
470,-0.04921466112136841
471,0.11821103096008301
472,-0.05555933713912964
473,-0.014371752738952637
474,-0.03942221403121948
475,-0.06258928775787354
476,-0.05572307109832764
477,0.05240562558174133
478,-0.02803325653076172
479,-0.025761723518371582
480,0.0023588240146636963
481,-0.009781897068023682
482,-0.031887173652648926
483,0.05331471562385559
484,-0.04653775691986084
485,0.16108793020248413
486,0.009410202503204346
487,-0.031164228916168213
488,-0.03147810697555542
489,-0.032064855098724365
490,0.02703985571861267
491,-0.03201496601104736
492,0.13633489608764648
493,-0.029563307762145996
494,-0.035730183124542236
495,-0.011768579483032227
496,-0.013824760913848877
497,-0.016823172569274902
498,-0.11431550979614258
499,-0.02271115779876709
500,-0.031984031200408936
501,-0.019004106521606445
502,-0.06054043769836426
503,-0.022700726985931396
504,-0.06023889780044556
505,-0.03159886598587036
506,-0.012553513050079346
507,-0.014696478843688965
508,-0.0706755518913269
509,0.0007353044407782172
510,-0.007293641567230225
511,0.09036454558372498
512,-0.08800345659255981
513,0.0007353044407782172
514,0.16532284021377563
515,0.14865493774414062
516,-0.028905391693115234
517,-0.04434603452682495
518,-0.03936576843261719
519,0.12065908312797546
520,-0.006063640117645264
521,-0.008934438228607178
522,-0.035397350788116455
523,0.0670795738697052
524,-0.0479084849357605
525,-0.06774735450744629
526,-0.03231257200241089
527,0.12170800566673279
528,-0.04118311405181885
529,-0.07258868217468262
530,0.1499130129814148
531,0.09077265858650208
532,-0.05505692958831787
533,-0.008821427822113037
534,-0.047652363777160645
535,0.12035548686981201
536,-0.02196371555328369
537,0.14675083756446838
538,-0.053257524967193604
539,-0.03843003511428833
540,-0.05147838592529297
541,0.1467726230621338
542,-0.07308489084243774
543,0.16047799587249756
544,-0.03932535648345947
545,-0.027290642261505127
546,-0.024810373783111572
547,0.06011080741882324
548,-0.021544337272644043
549,0.0007353044407782172
550,0.00667145848274231
551,-0.05752354860305786
552,-0.012113392353057861
553,0.00746956467628479
554,0.1345178484916687
555,0.01371106505393982
556,-0.006019175052642822
557,-0.00014191865921020508
558,-0.045594215393066406
559,-0.057370662689208984
560,-0.08096778392791748
561,-0.022293448448181152
562,-0.028137564659118652
563,-0.03485679626464844
564,0.004458487033843994
565,0.0007353044407782172
566,0.11584165692329407
567,-0.043074607849121094
568,-0.02142655849456787
569,-0.05058807134628296
570,-0.029600441455841064
571,-0.04854243993759155
572,-0.0511433482170105
573,-0.014262735843658447
574,-0.03242921829223633
575,0.1771399974822998
576,-0.05969721078872681
577,-0.024372577667236328
578,-0.03312915563583374
579,-0.009673476219177246
580,0.1206091046333313
581,-0.029591083526611328
582,-0.007407188415527344
583,-0.026936113834381104
584,0.03633365035057068
585,-0.022519409656524658
586,0.15068140625953674
587,-0.025771737098693848
588,-0.012473821640014648
589,0.16823509335517883
590,0.0022446513175964355
591,0.004810720682144165
592,-0.034121930599212646
593,-0.07154202461242676
594,0.13131141662597656
595,0.0003528296947479248
596,0.1485123634338379
597,-0.0008271932601928711
598,-0.0688057541847229
599,-0.029829978942871094
600,-0.014696478843688965
601,0.022875219583511353
602,-0.04625725746154785
603,-0.03679919242858887
604,-0.025192439556121826
605,-0.03344446420669556
606,-0.03347897529602051
607,0.007509857416152954
608,0.13525837659835815
609,-0.043267786502838135
610,-0.041870713233947754
611,-0.029072999954223633
612,-0.021776020526885986
613,-0.02979642152786255
614,-0.026322007179260254
615,-0.017618298530578613
616,-0.027075767517089844
617,-0.08683675527572632
618,-0.04049605131149292
619,-0.04620480537414551
620,-0.09690380096435547
621,-0.03774559497833252
622,-0.03167140483856201
623,0.139654278755188
624,-0.02058541774749756
625,-0.005794227123260498
626,-0.04891312122344971
627,-0.0594976544380188
628,-0.07263445854187012
629,0.15720239281654358
630,-0.041392743587493896
631,-0.03950190544128418
632,-0.04497849941253662
633,-0.05970340967178345
634,-0.05199587345123291
635,-0.042240679264068604
636,-0.04907035827636719
637,-0.06600356101989746
638,0.14679139852523804
639,-0.023883700370788574
640,0.14450865983963013
641,-0.051216959953308105
642,-0.04304206371307373
643,-0.07396155595779419
644,0.16092094779014587
645,-0.01350337266921997
646,-0.04431992769241333
647,-0.0033721327781677246
648,-0.0493161678314209
649,-0.008703351020812988
650,-0.05676555633544922
651,-0.0004659295082092285
652,-0.03551459312438965
653,0.0467124879360199
654,-0.017618298530578613
655,0.04637730121612549
656,-0.0360255241394043
657,-0.05719959735870361
658,-0.01624518632888794
659,-0.045744359493255615
660,-0.03396308422088623
661,0.03722080588340759
662,-0.06922483444213867
663,-0.05269402265548706
664,0.15007862448692322
665,-0.014696478843688965
666,0.00793805718421936
667,0.0670795738697052
668,-0.08634865283966064
669,-0.04204404354095459
670,0.013775557279586792
671,0.1051032543182373
672,-0.03828847408294678
673,2.6226043701171875e-05
674,-0.010816216468811035
675,0.07028022408485413
676,0.131708025932312
677,-0.04421764612197876
678,-0.04971301555633545
679,-0.04880028963088989
680,0.0003528296947479248
681,-0.05483049154281616
682,-0.06185871362686157
683,-0.03355729579925537
684,-0.09357386827468872
685,-0.03377467393875122
686,0.15368646383285522
687,-0.034716010093688965
688,0.14403432607650757
689,-0.0012348294258117676
690,0.11364045739173889
691,0.03200671076774597
692,0.0017174482345581055
693,0.020062416791915894
694,-0.01536482572555542
695,-0.02890413999557495
696,0.01476067304611206
697,-0.05177110433578491
698,-0.08884948492050171
699,-0.049378395080566406
700,-0.0505489706993103
701,0.15554067492485046
702,-0.026867389678955078
703,0.07754367589950562
704,-0.03795886039733887
705,0.1366346776485443
706,-0.08463478088378906
707,-0.054393470287323
708,-0.07352888584136963
709,0.03633365035057068
710,0.0007353044407782172
711,0.12671536207199097
712,0.03722080588340759
713,0.13169556856155396
714,-0.04019075632095337
715,-0.04579031467437744
716,0.02059018611907959
717,-0.01605856418609619
718,0.1416504979133606
719,-3.933906555175781e-06
720,-0.04840749502182007
721,-0.07220149040222168
722,-0.06703311204910278
723,-0.010295867919921875
724,0.1533171832561493
725,-0.04348856210708618
726,-0.05145984888076782
727,0.12378591299057007
728,-0.04305785894393921
729,-0.043987393379211426
730,-0.0582880973815918
731,-0.034845054149627686
732,0.06011080741882324
733,0.15350624918937683
734,-0.04805856943130493
735,0.1565224528312683
736,0.13445743918418884
737,0.0007353044407782172
738,-0.019205093383789062
739,-0.05458253622055054
740,-0.06524431705474854
741,0.19544902443885803
742,-0.060869455337524414
743,0.01371106505393982
744,-0.0671008825302124
745,0.18644213676452637
746,-0.04680681228637695
747,-0.052995145320892334
748,0.09954831004142761
749,-0.008934438228607178
750,0.1272526979446411
751,-0.029936015605926514
752,0.015565276145935059
753,-0.1077846884727478
754,0.0007353044407782172
755,-0.0536990761756897
756,0.08984148502349854
757,-0.04339498281478882
758,-0.008999943733215332
759,0.15552163124084473
760,-0.04204827547073364
761,-0.039149582386016846
762,0.14666569232940674
763,-0.038205087184906006
764,-0.054312169551849365
765,0.15042120218276978
766,-0.0689505934715271
767,0.09260761737823486
768,-0.0033721327781677246
769,-0.07200789451599121
770,-0.008018195629119873
771,-0.0656241774559021
772,-0.003765285015106201
773,0.15044289827346802
774,0.011086046695709229
775,-0.02551954984664917
776,-0.05835747718811035
777,-0.014483451843261719
778,-0.0378381609916687
779,0.0007353044407782172
780,-0.025928139686584473
781,-0.08072340488433838
782,-0.0401386022567749
783,-0.07754206657409668
784,0.09071651101112366
785,-0.061665475368499756
786,-0.05455923080444336
787,0.0013794004917144775
788,0.006765455007553101
789,-0.08099853992462158
790,-0.014371752738952637
791,-0.007240176200866699
792,0.12019011378288269
793,-0.005761086940765381
794,0.15393778681755066
795,0.17160382866859436
796,-0.06201291084289551
797,-0.0652042031288147
798,-0.04437565803527832
799,0.13068035244941711
800,-0.026562809944152832
801,0.05095416307449341
802,-0.025158405303955078
803,-0.1043403148651123
804,-0.041867733001708984
805,-0.07700145244598389
806,-0.05464613437652588
807,-0.03919905424118042
808,-0.006019175052642822
809,-0.0159451961517334
810,-0.05514878034591675
811,-0.03809189796447754
812,0.12102523446083069
813,-0.01193910837173462
814,-0.05439859628677368
815,-0.020947515964508057
816,-0.01559305191040039
817,0.13137081265449524
818,0.02171015739440918
819,0.0007353044407782172
820,-0.020132482051849365
821,0.14172717928886414
822,0.004458487033843994
823,-0.07314133644104004
824,0.17917349934577942
825,-0.06917989253997803
826,0.0007353044407782172
827,0.0007353044407782172
828,0.03722080588340759
829,0.0027917325496673584
830,-0.01669478416442871
831,-0.03065568208694458
832,0.13099214434623718
833,0.0007353044407782172
834,-0.05354022979736328
835,-0.03710228204727173
836,-0.07807141542434692
837,-0.04201006889343262
838,-0.0601886510848999
839,-0.026064932346343994
840,0.13439133763313293
841,-0.02196824550628662
842,-0.03190124034881592
843,0.14978331327438354
844,-0.041966259479522705
845,-0.02505272626876831
846,0.0007353044407782172
847,-0.010863840579986572
848,-0.07686197757720947
849,0.019469112157821655
850,0.15894925594329834
851,-0.03047966957092285
852,-0.03595989942550659
853,-0.04679107666015625
854,-0.06033623218536377
855,-0.03216451406478882
856,-0.027080953121185303
857,-0.005743443965911865
858,0.16730794310569763
859,0.0007353044407782172
860,0.03784099221229553
861,0.0007353044407782172
862,-0.04601508378982544
863,-0.03653228282928467
864,-0.0624234676361084
865,0.15898597240447998
866,-0.011007368564605713
867,-0.011465728282928467
868,0.023007094860076904
869,0.05240562558174133
870,0.03300034999847412
871,-0.06894803047180176
872,0.12129229307174683
873,-0.04861730337142944
874,0.032397955656051636
875,-0.01298058032989502
876,-0.039505600929260254
877,-0.052895426750183105
878,-0.031424641609191895
879,-0.044263601303100586
880,-0.07941639423370361
881,-0.005158603191375732
882,-0.050523579120635986
883,-0.05562722682952881
884,0.03496548533439636
885,-0.06805264949798584
886,-0.019966304302215576
887,-0.0637694001197815
888,-0.008417844772338867
889,-0.04408985376358032
890,-0.02594238519668579
891,-0.07528901100158691
892,-0.06678974628448486
893,0.021133720874786377
894,0.0007353044407782172
895,-0.035237014293670654
896,-0.0030612945556640625
897,0.1745469570159912
898,0.13254252076148987
899,-0.056512653827667236
900,-0.0412861704826355
901,0.0007353044407782172
902,-0.008999943733215332
903,-0.018997669219970703
904,-0.019854724407196045
905,-0.03719133138656616
906,-0.05029100179672241
907,-0.006063640117645264
908,0.05095416307449341
909,-0.027588069438934326
910,-0.0409698486328125
911,-0.013678312301635742
912,-0.06558400392532349
913,0.16377568244934082
914,-0.05015522241592407
915,-0.029829978942871094
916,-0.044263601303100586
917,0.11094006896018982
918,0.0015513300895690918
919,-0.0347324013710022
920,-0.008018195629119873
921,0.0006420016288757324
922,0.0007353044407782172
923,-0.04376685619354248
924,-0.042997121810913086
925,-0.031455278396606445
926,-0.005743443965911865
927,-0.047956645488739014
928,-0.02076280117034912
929,-0.010001778602600098
930,0.15355956554412842
931,0.0492243766784668
932,0.024022549390792847
933,0.1443481743335724
934,-0.0925976037979126
935,-0.021787285804748535
936,0.15068140625953674
937,-0.014592766761779785
938,-0.03214448690414429
939,-0.03285777568817139
940,0.16174086928367615
941,-0.02402639389038086
942,-0.08165258169174194
943,-0.02364635467529297
944,-0.06378209590911865
945,0.14577993750572205
946,0.0007353044407782172
947,-0.0014231204986572266
948,-0.04337888956069946
949,-0.05510824918746948
950,-0.02249354124069214
951,-0.053974688053131104
952,-0.059844374656677246
953,-0.019758224487304688
954,-3.933906555175781e-06
955,-0.039415955543518066
956,0.22484996914863586
957,-0.04049402475357056
958,-0.014302372932434082
959,-0.04865366220474243
960,-0.0443878173828125
961,-0.05797779560089111
962,-0.020936667919158936
963,-0.032364726066589355
964,0.13773271441459656
965,0.1366799771785736
966,-0.024208903312683105
967,-0.019761741161346436
968,0.009396731853485107
969,-0.009224295616149902
970,-0.056130290031433105
971,-0.01442629098892212
972,-0.058487117290496826
973,-3.933906555175781e-06
974,-0.0180433988571167
975,-0.03894650936126709
976,-0.04742497205734253
977,-0.06148838996887207
978,-0.04066210985183716
979,-0.012718677520751953
980,0.16347941756248474
981,-0.045099079608917236
982,-0.05536109209060669
983,-0.05620044469833374
984,0.03784099221229553
985,-0.02702242136001587
986,-0.022461116313934326
987,-0.01980304718017578
988,-0.022100448608398438
989,0.03297409415245056
990,0.00680387020111084
991,-0.021312177181243896
992,-0.07231861352920532
993,0.12211668491363525
994,-0.0176241397857666
995,-0.03573012351989746
996,0.19130364060401917
997,-0.050354182720184326
998,-0.005279600620269775
999,0.040891051292419434
1000,-0.039149582386016846
1001,0.0007353044407782172
1002,0.0007353044407782172
1003,-0.0923338532447815
1004,0.0017174482345581055
1005,-0.08714461326599121
1006,0.005483567714691162
1007,-0.01991671323776245
1008,-0.02012091875076294
1009,0.1372475028038025
1010,0.05240562558174133
1011,-0.058191537857055664
1012,-0.07816708087921143
1013,-0.06156754493713379
1014,-0.02789914608001709
1015,-0.021382272243499756
1016,-0.05388873815536499
1017,-0.04754096269607544
1018,-0.05336481332778931
1019,-0.09284746646881104
1020,0.10390213131904602
1021,-0.06414741277694702
1022,-0.06451117992401123
1023,-0.05079597234725952
1024,0.14511576294898987
1025,-0.06547951698303223
1026,0.0007353044407782172
1027,-0.04114866256713867
1028,-0.01855701208114624
1029,-0.07284128665924072
1030,0.14121246337890625
1031,-0.043987393379211426
1032,-0.06813979148864746
1033,-0.08476948738098145
1034,-0.04413479566574097
1035,-0.06768476963043213
1036,-0.07463115453720093
1037,-0.005794227123260498
1038,-0.01536482572555542
1039,-0.016322851181030273
1040,-0.06130850315093994
1041,-0.04716008901596069
1042,-0.053680479526519775
1043,0.002391338348388672
1044,-0.04789334535598755
1045,0.12663066387176514
1046,0.013158589601516724
1047,0.0007353044407782172
1048,-0.05808764696121216
1049,-0.047447919845581055
1050,-0.027784287929534912
1051,-0.07974815368652344
1052,-0.02434927225112915
1053,-0.008424997329711914
1054,-0.009774923324584961
1055,0.15774795413017273
1056,0.10651153326034546
1057,0.12314805388450623
1058,-0.021544337272644043
1059,-0.037618398666381836
1060,-0.013824760913848877
1061,-0.032701730728149414
1062,-0.0636562705039978
1063,0.14155420660972595
1064,0.14634302258491516
1065,0.013775557279586792
1066,-0.040244221687316895
1067,-0.061976730823516846
1068,0.16236045956611633
1069,-0.04887354373931885
1070,-0.028681635856628418
1071,-0.03577083349227905
1072,-0.03929990530014038
1073,0.0007353044407782172
1074,-0.01955258846282959
1075,-0.036568522453308105
1076,0.1420779526233673
1077,0.1485123634338379
1078,0.05271068215370178
1079,-0.05500739812850952
1080,-0.033904969692230225
1081,-0.03555285930633545
1082,-0.04329770803451538
1083,-0.03677874803543091
1084,-0.026443898677825928
1085,-0.0513460636138916
1086,0.13954541087150574
1087,-0.039771974086761475
1088,-0.07362312078475952
1089,-0.05059009790420532
1090,0.007896512746810913
1091,-0.0031024813652038574
1092,-0.04348844289779663
1093,-0.01775944232940674
1094,-0.026562809944152832
1095,-0.015312731266021729
1096,-0.10367828607559204
1097,0.13254377245903015
1098,-0.07378959655761719
1099,-0.05209749937057495
1100,-0.07082456350326538
1101,0.14422225952148438
1102,-0.0412861704826355
1103,0.008086144924163818
1104,-0.043135762214660645
1105,-0.08028310537338257
1106,-0.012802064418792725
1107,-0.05560177564620972
1108,-0.05530655384063721
1109,-0.016610562801361084
1110,-0.04649043083190918
1111,-0.03783375024795532
1112,0.045472174882888794
1113,-0.02999824285507202
1114,-0.06766635179519653
1115,0.0007353044407782172
1116,-0.007804393768310547
1117,-0.0617678165435791
1118,-0.08028274774551392
1119,0.11776366829872131
1120,-0.01371389627456665
1121,-0.05080932378768921
1122,-0.008526027202606201
1123,-0.033901214599609375
1124,-0.08821725845336914
1125,-0.07362926006317139
1126,-0.04145920276641846
1127,-0.04382026195526123
1128,-0.05583667755126953
1129,0.15007862448692322
1130,-0.021338820457458496
1131,-0.015690624713897705
1132,0.0007353044407782172
1133,-0.0417366623878479
1134,-0.0710897445678711
1135,-0.01627063751220703
1136,0.11799746751785278
1137,0.14725995063781738
1138,-0.059613049030303955
1139,0.0007353044407782172
1140,0.013779968023300171
1141,-0.003765285015106201
1142,-0.06448012590408325
1143,0.004303276538848877
1144,-0.06757915019989014
1145,-0.057979464530944824
1146,-0.07988840341567993
1147,-0.005053281784057617
1148,0.13013020157814026
1149,0.10164469480514526
1150,0.12442177534103394
1151,-0.06956654787063599
1152,-0.0348544716835022
1153,-0.04178321361541748
1154,-0.06346231698989868
1155,0.03300034999847412
1156,-0.0262221097946167
1157,-0.012718677520751953
1158,-0.03348284959793091
1159,-0.05714970827102661
1160,-0.06275641918182373
1161,0.022387057542800903
1162,-0.06985241174697876
1163,0.0006420016288757324
1164,-0.04204827547073364
1165,0.01764291524887085
1166,0.0022446513175964355
1167,-0.025376081466674805
1168,-0.06374424695968628
1169,0.13653430342674255
1170,-0.05251944065093994
1171,0.19909799098968506
1172,0.14146140217781067
1173,-0.003770112991333008
1174,-0.07892489433288574
1175,-0.027613401412963867
1176,0.0032278597354888916
1177,-0.02929311990737915
1178,0.033701032400131226
1179,-0.01234126091003418
1180,-0.04142630100250244
1181,-0.060454487800598145
1182,-0.027208685874938965
1183,0.12359747290611267
1184,0.0019488334655761719
1185,0.13723835349082947
1186,-0.033048272132873535
1187,0.05240562558174133
1188,0.023007094860076904
1189,-0.05156940221786499
1190,-0.03270655870437622
1191,-0.06464725732803345
1192,-0.08500832319259644
1193,-0.08080947399139404
1194,-0.012718677520751953
1195,0.002391338348388672
1196,-0.07289135456085205
1197,-0.018287718296051025
1198,-0.09026288986206055
1199,-0.01294177770614624
1200,-0.025158405303955078
1201,-0.030238211154937744
1202,0.1727076768875122
1203,0.15522170066833496
1204,0.0007353044407782172
1205,-0.01976621150970459
1206,0.0007353044407782172
1207,-0.005743443965911865
1208,0.0007353044407782172
1209,-0.07903039455413818
1210,0.0007353044407782172
1211,-0.09222114086151123
1212,-0.004036545753479004
1213,-0.02560824155807495
1214,-0.04938697814941406
1215,0.0006420016288757324
1216,-0.0005397796630859375
1217,0.1334846019744873
1218,-0.025516211986541748
1219,-0.03430378437042236
1220,-0.021798372268676758
1221,0.12929517030715942
1222,-0.030906975269317627
1223,-0.021544337272644043
1224,-0.008453428745269775
1225,0.14121779799461365
1226,-0.029744267463684082
1227,0.001381605863571167
1228,-0.049645841121673584
1229,-0.022803127765655518
1230,-0.05096447467803955
1231,0.13118207454681396
1232,0.0007353044407782172
1233,-0.014302372932434082
1234,0.007786750793457031
1235,-0.07839035987854004
1236,0.15355956554412842
1237,-0.0612758994102478
1238,-0.023427069187164307
1239,-0.05040818452835083
1240,0.05331471562385559
1241,0.12299150228500366
1242,-0.043987393379211426
1243,-0.06434077024459839
1244,-0.08050012588500977
1245,-0.0328519344329834
1246,-0.05170583724975586
1247,0.13569271564483643
1248,-0.008917808532714844
1249,-0.05548441410064697
1250,-0.016586244106292725
1251,-0.0335768461227417
1252,0.18939834833145142
1253,0.18758496642112732
1254,-0.02189546823501587
1255,-0.05475646257400513
1256,-0.028193652629852295
1257,-0.02980947494506836
1258,-0.07007414102554321
1259,-0.03551459312438965
1260,-0.033707618713378906
1261,-0.0548168420791626
1262,0.16730794310569763
1263,-0.05087226629257202
1264,0.013254374265670776
1265,-0.0828864574432373
1266,-0.03147810697555542
1267,-0.0041841864585876465
1268,-0.017655611038208008
1269,-0.050509095191955566
1270,-0.07104593515396118
1271,-0.030180811882019043
1272,0.0007353044407782172
1273,-0.0615120530128479
1274,-0.01627981662750244
1275,-0.008453428745269775
1276,-0.06498491764068604
1277,-0.03065568208694458
1278,0.010197252035140991
1279,-0.01519310474395752
1280,-0.015504240989685059
1281,0.026135027408599854
1282,-0.04498779773712158
1283,-0.026064932346343994
1284,-0.026689767837524414
1285,-0.0326838493347168
1286,0.11249226331710815
1287,-0.04257488250732422
1288,0.12788179516792297
1289,0.028180688619613647
1290,-0.030360877513885498
1291,-0.022265374660491943
1292,-0.061323463916778564
1293,0.0007353044407782172
1294,-0.04931765794754028
1295,-0.06241732835769653
1296,0.13907384872436523
1297,0.13007164001464844
1298,-0.03809201717376709
1299,-0.03047966957092285
1300,0.11538851261138916
1301,-0.026656687259674072
1302,-0.006835222244262695
1303,-0.048343122005462646
1304,-0.03209733963012695
1305,0.01746508479118347
1306,0.10735422372817993
1307,-0.026482880115509033
1308,-0.044263601303100586
1309,-0.024562835693359375
1310,-0.02354353666305542
1311,-0.07104939222335815
1312,-0.014596879482269287
1313,0.14102211594581604
1314,-0.010397911071777344
1315,-0.06651777029037476
1316,0.14233341813087463
1317,-0.05377382040023804
1318,-0.029233694076538086
1319,-0.0425715446472168
1320,-0.07259446382522583
1321,0.048721492290496826
1322,-0.03539949655532837
1323,0.022139370441436768
1324,-0.06884551048278809
1325,0.1299770176410675
1326,-0.09383237361907959
1327,-0.012553513050079346
1328,-0.03595244884490967
1329,-0.08008116483688354
1330,-0.056554436683654785
1331,-0.051084041595458984
1332,-0.05419427156448364
1333,0.006593167781829834
1334,0.0027818679809570312
1335,-0.05886244773864746
1336,-0.004527449607849121
1337,-0.05329030752182007
1338,-0.08152413368225098
1339,-0.07801377773284912
1340,-0.028910279273986816
1341,-0.024586021900177002
1342,-0.041551947593688965
1343,0.14926311373710632
1344,0.05271068215370178
1345,-0.05605745315551758
1346,-0.09056681394577026
1347,0.0007353044407782172
1348,-0.06978243589401245
1349,-0.048098206520080566
1350,-0.06437593698501587
1351,-0.09062415361404419
1352,-0.04653775691986084
1353,-0.03289860486984253
1354,-0.012553513050079346
1355,-0.054623961448669434
1356,-0.0786709189414978
1357,-0.04077190160751343
1358,-0.04293447732925415
1359,0.13015544414520264
1360,-0.03841543197631836
1361,-0.008703351020812988
1362,-0.047009825706481934
1363,0.000745922327041626
1364,0.10365194082260132
1365,-0.02244400978088379
1366,0.18939834833145142
1367,-0.04487431049346924
1368,-0.022385120391845703
1369,-0.06315338611602783
1370,-0.030962824821472168
1371,-0.05842310190200806
1372,-0.025376081466674805
1373,-0.04696577787399292
1374,-0.004650712013244629
1375,-0.04618203639984131
1376,-0.070095956325531
1377,0.063046395778656
1378,-0.048173367977142334
1379,-0.10163915157318115
1380,-0.04912775754928589
1381,0.13653162121772766
1382,-0.039643704891204834
1383,-0.08193391561508179
1384,-0.014365434646606445
1385,-0.034263789653778076
1386,-0.04735010862350464
1387,-0.08148884773254395
1388,-0.03018796443939209
1389,2.6226043701171875e-05
1390,0.03297409415245056
1391,0.020062416791915894
1392,-0.0244218111038208
1393,-0.07650977373123169
1394,-0.030107319355010986
1395,0.0007353044407782172
1396,0.12753507494926453
1397,-0.01873558759689331
1398,-0.0479816198348999
1399,0.1242688000202179
1400,0.14283409714698792
1401,-0.051483154296875
1402,-0.012191176414489746
1403,-0.025784194469451904
1404,-0.019966304302215576
1405,-0.037808120250701904
1406,-0.0004659295082092285
1407,-0.05930238962173462
1408,-0.04408985376358032
1409,0.03368037939071655
1410,0.03643730282783508
1411,0.02375131845474243
1412,0.0007353044407782172
1413,-0.005966901779174805
1414,0.0007353044407782172
1415,0.09043049812316895
1416,-0.06238442659378052
1417,-0.0176241397857666
1418,-0.019761741161346436
1419,-0.060573577880859375
1420,-0.032996296882629395
1421,-0.024609684944152832
1422,0.0007353044407782172
1423,-0.07833373546600342
1424,0.0007353044407782172
1425,0.0007353044407782172
1426,0.03643730282783508
1427,-0.008934438228607178
1428,-0.052051663398742676
1429,0.14232796430587769
1430,-3.933906555175781e-06
1431,0.0003528296947479248
1432,0.1189805269241333
1433,-0.026021182537078857
1434,-0.07304602861404419
1435,0.11610862612724304
1436,0.15422621369361877
1437,-0.018025100231170654
1438,-0.03377467393875122
1439,0.03671965003013611
1440,-0.033999085426330566
1441,-0.03472858667373657
1442,-0.022851407527923584
1443,0.1252528727054596
1444,0.1283857524394989
1445,-0.042718589305877686
1446,-0.05722224712371826
1447,0.1769658625125885
1448,-0.01068413257598877
1449,-0.014916419982910156
1450,-0.04247307777404785
1451,-0.06001180410385132
1452,-0.05145496129989624
1453,-0.05512046813964844
1454,0.0007353044407782172
1455,-0.009793460369110107
1456,-0.051353394985198975
1457,-0.034351885318756104
1458,-0.006063640117645264
1459,-0.07760077714920044
1460,-0.04182469844818115
1461,-0.053828537464141846
1462,-0.04912906885147095
1463,0.09760841727256775
1464,-0.06631225347518921
1465,-0.06537449359893799
1466,-0.05311024188995361
1467,0.0007353044407782172
1468,-0.0714867115020752
1469,-0.020748555660247803
1470,0.14435002207756042
1471,-0.06868904829025269
1472,-0.029628515243530273
1473,0.022279173135757446
1474,-0.03542518615722656
1475,-0.10341829061508179
1476,-0.06157279014587402
1477,-0.03014993667602539
1478,-0.030069470405578613
1479,-0.021276414394378662
1480,-0.07679998874664307
1481,0.10527288913726807
1482,-0.04027259349822998
1483,-0.04753619432449341
1484,-0.03997009992599487
1485,-0.026125192642211914
1486,0.16654202342033386
1487,-0.03477507829666138
1488,-0.0660858154296875
1489,0.16213247179985046
1490,-0.0342598557472229
1491,-0.0594215989112854
1492,-0.07699614763259888
1493,-0.030268728733062744
1494,0.17798203229904175
1495,-0.06968307495117188
1496,-0.0358349084854126
1497,-0.06624948978424072
1498,0.1403813660144806
1499,-0.055418193340301514
1500,0.13685867190361023
1501,-0.03418225049972534
1502,-0.06441730260848999
1503,-0.045179903507232666
1504,-0.011379241943359375
1505,0.03538060188293457
1506,-0.0011164546012878418
1507,-0.0654403567314148
1508,-0.026322007179260254
1509,-0.01623612642288208
1510,0.15135633945465088
1511,0.1440185308456421
1512,-0.08910614252090454
1513,-0.07955276966094971
1514,0.15225210785865784
1515,-0.0673937201499939
1516,-0.05838686227798462
1517,0.13254252076148987
1518,-0.05157715082168579
1519,-0.029829978942871094
1520,-0.030035972595214844
1521,-0.0403670072555542
1522,-0.029911160469055176
1523,-0.04725754261016846
1524,-0.04856997728347778
1525,-0.04453110694885254
1526,-0.029563307762145996
1527,0.0007353044407782172
1528,0.020663350820541382
1529,0.14735999703407288
1530,-0.046279966831207275
1531,-0.06704717874526978
1532,0.1392277479171753
1533,-0.08878070116043091
1534,-0.05565828084945679
1535,-0.06372928619384766
1536,-0.017335474491119385
1537,0.13587763905525208
1538,-0.06475692987442017
1539,-0.023658931255340576
1540,-0.02393406629562378
1541,0.016361206769943237
1542,-0.03783375024795532
1543,-0.06202489137649536
1544,-0.019274532794952393
1545,-0.055059969425201416
1546,0.15624114871025085
1547,-0.058203697204589844
1548,0.009169310331344604
1549,-0.02512335777282715
1550,0.05044618248939514
1551,-0.02631300687789917
1552,-0.04513835906982422
1553,-0.050523579120635986
1554,0.1620340645313263
1555,-0.07115256786346436
1556,-0.028349220752716064
1557,-0.03419196605682373
1558,0.18949097394943237
1559,-0.06566250324249268
1560,-0.08343923091888428
1561,-0.009069204330444336
1562,0.1384659707546234
1563,0.13723835349082947
1564,0.0007353044407782172
1565,0.12850093841552734
1566,0.007896512746810913
1567,-0.010449409484863281
1568,-0.04297095537185669
1569,0.0007353044407782172
1570,-0.018182873725891113
1571,-0.07509404420852661
1572,-0.03504854440689087
1573,0.035031288862228394
1574,0.18884536623954773
1575,0.15841540694236755
1576,-0.01486504077911377
1577,-0.030978381633758545
1578,-0.033476829528808594
1579,0.00585561990737915
1580,0.03637212514877319
1581,-0.04738348722457886
1582,-0.04250013828277588
1583,-0.056556105613708496
1584,0.017317205667495728
1585,0.00904780626296997
1586,0.0007353044407782172
1587,-0.05935168266296387
1588,-0.06275808811187744
1589,0.13799422979354858
1590,-0.023859918117523193
1591,0.1350456178188324
1592,0.13463902473449707
1593,-0.04071837663650513
1594,0.005918294191360474
1595,0.15007862448692322
1596,-0.04975491762161255
1597,-0.024954020977020264
1598,-0.012716829776763916
1599,0.010041803121566772
1600,0.020062416791915894
1601,0.015485972166061401
1602,0.06346994638442993
1603,-0.04198199510574341
1604,-0.027644991874694824
1605,-0.06352299451828003
1606,-0.07037341594696045
1607,-0.025465011596679688
1608,-0.009986400604248047
1609,0.02368372678756714
1610,-0.04649549722671509
1611,0.1950477659702301
1612,-0.011776983737945557
1613,0.0027917325496673584
1614,0.15515169501304626
1615,-0.023721933364868164
1616,-0.06406897306442261
1617,-0.039149582386016846
1618,-0.020848453044891357
1619,-0.056391119956970215
1620,-0.07623505592346191
1621,0.0007353044407782172
1622,0.0007353044407782172
1623,-0.05269402265548706
1624,0.184131920337677
1625,-0.025459110736846924
1626,-0.02833503484725952
1627,-0.0037449002265930176
1628,-0.02179056406021118
1629,-0.012712419033050537
1630,-0.021100342273712158
1631,-0.06230741739273071
1632,-0.06287717819213867
1633,0.03309789299964905
1634,-0.043826282024383545
1635,0.13940757513046265
1636,-0.06620585918426514
1637,0.13509172201156616
1638,0.0007782280445098877
1639,0.005715668201446533
1640,-0.08719730377197266
1641,-0.011564850807189941
1642,-0.04496341943740845
1643,-0.0159451961517334
1644,-0.046750545501708984
1645,-0.08653903007507324
1646,-0.03347897529602051
1647,-0.034877777099609375
1648,-0.045689404010772705
1649,0.1731228530406952
1650,-0.03771340847015381
1651,0.02059018611907959
1652,-0.02851647138595581
1653,-0.04476445913314819
1654,0.11439347267150879
1655,-0.06431198120117188
1656,-0.07279646396636963
1657,-0.057998836040496826
1658,-0.023580193519592285
1659,-0.044435203075408936
1660,0.13412567973136902
1661,-0.02537715435028076
1662,-0.03727912902832031
1663,-0.022257983684539795
1664,0.03671965003013611
1665,-0.03184223175048828
1666,-0.0021452903747558594
1667,-0.0481109619140625
1668,-0.016047537326812744
1669,0.16763728857040405
1670,-0.017151057720184326
1671,-0.08435302972793579
1672,0.13891711831092834
1673,-0.03661829233169556
1674,0.0015513300895690918
1675,-0.021544337272644043
1676,-0.043738365173339844
1677,-0.02714163064956665
1678,0.14982342720031738
1679,-0.029067516326904297
1680,-0.06359398365020752
1681,0.007918298244476318
1682,-0.07949304580688477
1683,-0.02562636137008667
1684,0.15827029943466187
1685,-0.035397350788116455
1686,-0.01980304718017578
1687,0.14313459396362305
1688,-0.04665631055831909
1689,0.0007353044407782172
1690,-0.040461182594299316
1691,-0.0176241397857666
1692,-0.036476194858551025
1693,-0.026467323303222656
1694,-0.03201496601104736
1695,0.1168370246887207
1696,-0.062275588512420654
1697,-0.07555824518203735
1698,-0.02249354124069214
1699,-0.06678438186645508
1700,-0.03783375024795532
1701,-0.0715147852897644
1702,0.167670339345932
1703,0.1616816520690918
1704,0.14566725492477417
1705,0.0026670992374420166
1706,-0.04335862398147583
1707,-0.03848755359649658
1708,-0.0341261625289917
1709,-0.07548463344573975
1710,-0.007804393768310547
1711,-0.04176968336105347
1712,0.1702370047569275
1713,-0.023859918117523193
1714,-0.022851407527923584
1715,-0.06308740377426147
1716,-0.07905697822570801
1717,-0.022714555263519287
1718,0.0007353044407782172
1719,0.13813728094100952
1720,-0.015816152095794678
1721,-0.0184822678565979
1722,-0.052439093589782715
1723,-0.03859204053878784
1724,-0.04014652967453003
1725,-0.006835222244262695
1726,0.05271068215370178
1727,-0.015816152095794678
1728,-0.04862457513809204
1729,-0.014916419982910156
1730,0.004764288663864136
1731,-0.01731175184249878
1732,0.0007353044407782172
1733,-0.03404206037521362
1734,-0.013549327850341797
1735,0.007073163986206055
1736,-0.03946191072463989
1737,-0.04168039560317993
1738,0.17992398142814636
1739,0.1485559046268463
1740,-0.026631474494934082
1741,0.1203393042087555
1742,0.15872621536254883
1743,0.021639108657836914
1744,0.004458487033843994
1745,-0.08009415864944458
1746,0.03277885913848877
1747,-0.02833378314971924
1748,-0.048170626163482666
1749,-0.013103187084197998
1750,0.0007353044407782172
1751,-0.04674172401428223
1752,-0.0176241397857666
1753,-0.019098758697509766
1754,-0.0520249605178833
1755,-0.042997121810913086
1756,0.035031288862228394
1757,-0.05062389373779297
1758,0.0007353044407782172
1759,-0.010397911071777344
1760,-0.04204827547073364
1761,0.0007353044407782172
1762,-0.02189546823501587
1763,-0.06367319822311401
1764,-0.02189546823501587
1765,-0.051393091678619385
1766,0.07711118459701538
1767,-0.03007793426513672
1768,-0.0368306040763855
1769,-0.04076361656188965
1770,-0.034845054149627686
1771,-0.03604936599731445
1772,-0.030385076999664307
1773,-0.03578794002532959
1774,-0.02142655849456787
1775,0.0007353044407782172
1776,-0.01246267557144165
1777,-0.05818277597427368
1778,-0.035223305225372314
1779,-0.02758544683456421
1780,-0.039524614810943604
1781,-0.054714202880859375
1782,-0.08816975355148315
1783,0.035031288862228394
1784,-0.053101539611816406
1785,-0.03804004192352295
1786,-0.019384562969207764
1787,-0.017690598964691162
1788,0.00585561990737915
1789,-0.01068413257598877
1790,0.0007353044407782172
1791,-0.051705896854400635
1792,-0.06310796737670898
1793,-0.014597177505493164
1794,-0.011564850807189941
1795,-0.02908647060394287
1796,-0.03719133138656616
1797,-0.057190775871276855
1798,-0.058898091316223145
1799,-0.05264943838119507
1800,0.13909310102462769
1801,-0.0702170729637146
1802,-0.0460437536239624
1803,-0.010497868061065674
1804,-0.027595221996307373
1805,-0.01511383056640625
1806,0.1335715353488922
1807,0.09580528736114502
1808,-0.025784194469451904
1809,0.0007353044407782172
1810,-0.067507803440094
1811,-0.0635116696357727
1812,-0.04114866256713867
1813,-0.011465728282928467
1814,-0.013905644416809082
1815,0.0007353044407782172
1816,0.004458487033843994
1817,0.11359837651252747
1818,-0.017618298530578613
1819,-0.0479084849357605
1820,-0.04611283540725708
1821,-0.04487431049346924
1822,-0.08609914779663086
1823,0.0007353044407782172
1824,-0.04424482583999634
1825,0.005959957838058472
1826,-0.033707618713378906
1827,-0.03166896104812622
1828,-0.05313354730606079
1829,-0.01883244514465332
1830,-0.04337888956069946
1831,-0.02249354124069214
1832,0.16071119904518127
1833,-0.021400511264801025
1834,-0.050438106060028076
1835,-0.03122800588607788
1836,-0.056825459003448486
1837,-0.031159818172454834
1838,-0.06342083215713501
1839,-0.0328366756439209
1840,-0.06185340881347656
1841,-0.01627981662750244
1842,-0.03874605894088745
1843,-0.07100576162338257
1844,-0.076119065284729
1845,-0.079806387424469
1846,-0.07185626029968262
1847,-0.007989168167114258
1848,-0.037001848220825195
1849,0.10087832808494568
1850,0.0007353044407782172
1851,0.1329522728919983
1852,-0.06600850820541382
1853,0.0007353044407782172
1854,0.16108793020248413
1855,-0.06535357236862183
1856,-0.07517766952514648
1857,0.1412595808506012
1858,0.16292253136634827
1859,-0.028978824615478516
1860,0.139856219291687
1861,0.13346964120864868
1862,-0.03300321102142334
1863,0.1681535840034485
1864,0.022069066762924194
1865,-0.005538225173950195
1866,-0.05067896842956543
1867,-0.06780600547790527
1868,0.023012936115264893
1869,0.11094006896018982
1870,-0.052707672119140625
1871,0.14944776892662048
1872,-0.008835911750793457
1873,-0.011815845966339111
1874,-0.02604585886001587
1875,-0.010576486587524414
1876,-0.041462600231170654
1877,-0.01380699872970581
1878,-0.08010202646255493
1879,0.13115480542182922
1880,-0.03344637155532837
1881,-0.012371540069580078
1882,-0.047825396060943604
1883,-0.04129648208618164
1884,-0.008934438228607178
1885,-0.024120569229125977
1886,-0.03658956289291382
1887,0.17266342043876648
1888,0.0007353044407782172
1889,-0.044377923011779785
1890,-0.032548367977142334
1891,-0.025383412837982178
1892,0.00904780626296997
1893,0.15620028972625732
1894,0.007896512746810913
1895,0.17647841572761536
1896,0.16462969779968262
1897,-0.06756490468978882
1898,0.1746027171611786
1899,0.1809225082397461
1900,-0.005053281784057617
1901,-0.0161934494972229
1902,-0.033405601978302
1903,-0.059783935546875
1904,-0.013678312301635742
1905,-0.07144391536712646
1906,-0.006288409233093262
1907,-0.01855701208114624
1908,-0.019960343837738037
1909,-0.053281426429748535
1910,-0.05766397714614868
1911,-0.02714163064956665
1912,-0.015206694602966309
1913,-0.01627981662750244
1914,0.11969572305679321
1915,-0.07258594036102295
1916,-0.01293492317199707
1917,-0.04053688049316406
1918,-0.0087432861328125
1919,-0.03654980659484863
1920,-0.02132129669189453
1921,-0.0744287371635437
1922,-0.02501136064529419
1923,0.0007353044407782172
1924,0.1716214418411255
1925,0.15436318516731262
1926,0.03633365035057068
1927,-0.03666853904724121
1928,-0.0050351619720458984
1929,-0.01960963010787964
1930,-0.06715035438537598
1931,-0.0337604284286499
1932,0.02410539984703064
1933,-0.06560158729553223
1934,-0.10819298028945923
1935,-0.03883129358291626
1936,-0.030458450317382812
1937,-0.04305785894393921
1938,-0.0159451961517334
1939,-0.03925544023513794
1940,-0.06288975477218628
1941,-0.02743995189666748
1942,0.14857283234596252
1943,0.15014076232910156
1944,-0.026345908641815186
1945,-0.05079597234725952
1946,-0.04585069417953491
1947,-0.03434568643569946
1948,-0.0022017359733581543
1949,-0.03289604187011719
1950,-0.04459559917449951
1951,0.027377426624298096
1952,-0.02689492702484131
1953,-0.020884215831756592
1954,-0.029750049114227295
1955,0.1318187415599823
1956,-0.060670554637908936
1957,-0.03099733591079712
1958,-0.042342424392700195
1959,0.15603336691856384
1960,0.1892297863960266
1961,-0.04716616868972778
1962,0.1612950563430786
1963,-0.04310673475265503
1964,-0.09530884027481079
1965,0.03784099221229553
1966,0.0007353044407782172
1967,-0.057000577449798584
1968,-0.050295233726501465
1969,-0.03716856241226196
1970,-0.03691589832305908
1971,-0.05589932203292847
1972,-0.08052736520767212
1973,-0.06282484531402588
1974,-0.04460042715072632
1975,-0.040648818016052246
1976,-0.0006894469261169434
1977,-0.04890209436416626
1978,-0.058475494384765625
1979,0.14065134525299072
1980,0.1771399974822998
1981,-0.006334066390991211
1982,-0.013512670993804932
1983,-0.0008271932601928711
1984,0.007478237152099609
1985,-0.017613649368286133
1986,0.0007353044407782172
1987,-0.0329471230506897
1988,-0.08350598812103271
1989,0.027377426624298096
1990,-0.05494379997253418
1991,-0.028918564319610596
1992,-0.05804109573364258
1993,0.1909778118133545
1994,0.13884207606315613
1995,-0.02137613296508789
1996,-0.056150972843170166
1997,0.0007353044407782172
1998,0.009803682565689087
1999,-0.05679929256439209
2000,0.0007353044407782172
2001,-0.039805591106414795
2002,-0.014302372932434082
2003,0.18864098191261292
2004,0.18102049827575684
2005,0.007896512746810913
2006,-0.019960343837738037
2007,-0.06658798456192017
2008,-0.060640811920166016
2009,-0.0499037504196167
2010,-0.07203298807144165
2011,0.11852803826332092
2012,-0.02246689796447754
2013,-0.049481213092803955
2014,0.14238256216049194
2015,-0.05915874242782593
2016,0.1339229941368103
2017,0.16500252485275269
2018,-0.006019175052642822
2019,-0.05788928270339966
2020,-0.059761762619018555
2021,0.004925161600112915
2022,-0.055005550384521484
2023,0.13589292764663696
2024,-0.027731239795684814
2025,0.05331471562385559
2026,0.128596693277359
2027,0.010009825229644775
2028,-0.02249354124069214
2029,-0.021775543689727783
2030,-0.019906342029571533
2031,-0.011465728282928467
2032,-0.017618298530578613
2033,-0.03147810697555542
2034,0.040891051292419434
2035,-0.01382523775100708
2036,0.12262961268424988
2037,-0.002703547477722168
2038,-0.02189546823501587
2039,0.033701032400131226
2040,0.012884408235549927
2041,0.14509013295173645
2042,-0.024643659591674805
2043,-0.0159451961517334
2044,-0.05044662952423096
2045,-0.03343355655670166
2046,-0.035412728786468506
2047,0.033701032400131226
2048,0.009183317422866821
2049,-0.021241426467895508
2050,0.009680062532424927
2051,-0.05130797624588013
2052,-0.00021761655807495117
2053,0.015536606311798096
2054,0.019256919622421265
2055,-0.0776141881942749
2056,-0.04615896940231323
2057,-0.05892127752304077
2058,-0.020242154598236084
2059,-0.05869525671005249
2060,-0.03910905122756958
2061,-0.058968186378479004
2062,-0.020233988761901855
2063,0.040891051292419434
2064,-0.013369143009185791
2065,-0.04129648208618164
2066,-0.07045984268188477
2067,-0.02791672945022583
2068,-0.02616482973098755
2069,-0.06203746795654297
2070,-0.09440040588378906
2071,-0.015765845775604248
2072,0.035031288862228394
2073,-0.01960963010787964
2074,-0.04338502883911133
2075,-0.034505605697631836
2076,-0.01625150442123413
2077,0.02412542700767517
2078,-0.018763601779937744
2079,-0.04756134748458862
2080,-0.05104637145996094
2081,-0.0793677568435669
2082,-0.05154287815093994
2083,-0.05310934782028198
2084,-0.03345721960067749
2085,-0.033391594886779785
2086,0.166670024394989
2087,-0.010001778602600098
2088,0.1356378197669983
2089,0.17043235898017883
2090,-0.02575814723968506
2091,0.0007353044407782172
2092,0.1531563103199005
2093,-0.07064628601074219
2094,0.13156527280807495
2095,-0.04021531343460083
2096,-0.04941856861114502
2097,-0.08422714471817017
2098,-0.01625150442123413
2099,-0.03343319892883301
2100,0.033701032400131226
2101,-0.006019175052642822
2102,0.005788594484329224
2103,0.1465102732181549
2104,-0.036978721618652344
2105,-0.07837295532226562
2106,-0.032754719257354736
2107,-0.0037449002265930176
2108,-0.042240679264068604
2109,-0.02137613296508789
2110,-0.0801813006401062
2111,-0.014916419982910156
2112,0.0016576051712036133
2113,-0.04692929983139038
2114,0.11892592906951904
2115,-0.014696478843688965
2116,-0.014576971530914307
2117,-0.03341156244277954
2118,-0.022526085376739502
2119,-0.016890645027160645
2120,-0.028149127960205078
2121,-0.002690255641937256
2122,-0.062259674072265625
2123,-0.034765541553497314
2124,-0.008453428745269775
2125,-0.05121117830276489
2126,0.0007353044407782172
2127,-0.03774529695510864
2128,-0.0721435546875
2129,-0.03966623544692993
2130,-0.011776983737945557
2131,-0.00925976037979126
2132,0.11569225788116455
2133,0.14953723549842834
2134,-0.056790828704833984
2135,-0.016940593719482422
2136,0.015813618898391724
2137,-0.04909151792526245
2138,0.15222212672233582
2139,0.12809967994689941
2140,-0.07804173231124878
2141,-0.06232517957687378
2142,-0.03377467393875122
2143,-0.04056650400161743
2144,-0.07585936784744263
2145,0.0007353044407782172
2146,-0.04324471950531006
2147,0.0022446513175964355
2148,-0.02627396583557129
2149,-0.02357780933380127
2150,-0.01407557725906372
2151,0.03643730282783508
2152,-0.060149192810058594
2153,-0.033057332038879395
2154,-0.07103371620178223
2155,-0.06639128923416138
2156,0.16381332278251648
2157,-0.0583575963973999
2158,-0.09139633178710938
2159,0.01371106505393982
2160,-0.009673476219177246
2161,-0.033389270305633545
2162,-0.025882720947265625
2163,0.0007353044407782172
2164,-0.024267733097076416
2165,0.12758353352546692
2166,-0.08470386266708374
2167,-0.008703351020812988
2168,0.033701032400131226
2169,-0.04184305667877197
2170,-0.06593495607376099
2171,-0.019906342029571533
2172,0.043539464473724365
2173,-0.011292457580566406
2174,0.0010443925857543945
2175,-0.02143073081970215
2176,-0.015816152095794678
2177,0.0007353044407782172
2178,-0.02344369888305664
2179,0.14727404713630676
2180,-0.019665777683258057
2181,0.15482580661773682
2182,-0.05323725938796997
2183,-0.06807398796081543
2184,-0.04531455039978027
2185,-0.08083081245422363
2186,-0.04871398210525513
2187,-0.03842514753341675
2188,-0.03532332181930542
2189,-0.04960286617279053
2190,0.0007353044407782172
2191,0.1353142261505127
2192,-0.05950641632080078
2193,-0.044192731380462646
2194,-0.026808738708496094
2195,-0.03893047571182251
2196,0.03297409415245056
2197,-0.04615896940231323
2198,-0.051075279712677
2199,0.13846313953399658
2200,-0.01731175184249878
2201,0.0007353044407782172
2202,-0.0372241735458374
2203,-0.009943127632141113
2204,0.16646870970726013
2205,0.03633365035057068
2206,0.15626218914985657
2207,0.15214842557907104
2208,0.012833625078201294
2209,-0.024567484855651855
2210,-0.021643519401550293
2211,-0.06352168321609497
2212,0.0007353044407782172
2213,-0.044875502586364746
2214,-0.008076786994934082
2215,-0.04305785894393921
2216,-0.013191819190979004
2217,-0.05123192071914673
2218,0.12107756733894348
2219,0.14600449800491333
2220,-0.06619763374328613
2221,-0.08752137422561646
2222,0.01746508479118347
2223,-0.02406865358352661
2224,-0.039484381675720215
2225,-0.0531773567199707
2226,-0.01902592182159424
2227,-0.03821200132369995
2228,0.03784099221229553
2229,0.063046395778656
2230,-0.006800532341003418
2231,0.1432117223739624
2232,0.16513875126838684
2233,-0.04466134309768677
2234,-0.05773574113845825
2235,-0.07296490669250488
2236,0.12796464562416077
2237,0.14604520797729492
2238,0.13732439279556274
2239,-0.03184741735458374
2240,0.1721315085887909
2241,-0.042240679264068604
2242,-0.02880072593688965
2243,-0.016102731227874756
2244,-0.06394237279891968
2245,-0.05697089433670044
2246,0.17524784803390503
2247,0.003141552209854126
2248,-0.05905407667160034
2249,-0.07067757844924927
2250,0.015536606311798096
2251,-0.06930780410766602
2252,0.01662355661392212
2253,-0.03430318832397461
2254,-0.040020644664764404
2255,0.02375131845474243
2256,-0.021802186965942383
2257,0.0007353044407782172
2258,-0.006835222244262695
2259,0.0007353044407782172
2260,0.014356613159179688
2261,-0.05989593267440796
2262,-0.11084926128387451
2263,0.023411720991134644
2264,-0.0341261625289917
2265,-0.06668728590011597
2266,-0.05281996726989746
2267,0.15511056780815125
2268,-0.025174736976623535
2269,-0.09129214286804199
2270,-0.03341299295425415
2271,-0.0386771559715271
2272,-0.05989557504653931
2273,0.14237287640571594
2274,-0.05997192859649658
2275,0.011086046695709229
2276,0.0007353044407782172
2277,-0.03772532939910889
2278,-0.06351912021636963
2279,-0.0615694522857666
2280,0.11963638663291931
2281,-0.00955742597579956
2282,0.12139081954956055
2283,0.13605359196662903
2284,-0.058191537857055664
2285,-0.021100342273712158
2286,-0.05915272235870361
2287,-0.07271301746368408
2288,-0.032561421394348145
2289,-0.014916419982910156
2290,0.1727081537246704
2291,0.0007353044407782172
2292,-0.002200782299041748
2293,-0.06830233335494995
2294,0.11207029223442078
2295,-0.04683274030685425
2296,-0.006521642208099365
2297,-0.0225677490234375
2298,-0.0355914831161499
2299,0.1892297863960266
2300,0.11882251501083374
2301,-0.0990290641784668
2302,-0.007804393768310547
2303,0.039645612239837646
2304,-0.028486013412475586
2305,-0.03959125280380249
2306,-0.0042092204093933105
2307,0.0007353044407782172
2308,0.1771245002746582
2309,-0.024100303649902344
2310,-0.03617584705352783
2311,-0.058952271938323975
2312,-0.03209412097930908
2313,-0.048487186431884766
2314,-0.016610562801361084
2315,-0.053974688053131104
2316,0.0007353044407782172
2317,-0.03682374954223633
2318,-0.029416799545288086
2319,-0.06193321943283081
2320,0.03373602032661438
2321,0.004303276538848877
2322,-0.012367963790893555
2323,-0.06097620725631714
2324,-0.032929182052612305
2325,0.0007353044407782172
2326,0.0007353044407782172
2327,-0.04743516445159912
2328,-0.0664358139038086
2329,0.00793805718421936
2330,0.13275277614593506
2331,-0.022851407527923584
2332,0.18221643567085266
2333,-0.022552847862243652
2334,-0.04444730281829834
2335,0.11284759640693665
2336,-0.03926604986190796
2337,-0.045753657817840576
2338,-0.025813043117523193
2339,0.16150811314582825
2340,0.05095416307449341
2341,0.16833555698394775
2342,-0.041414856910705566
2343,-0.0802152156829834
2344,0.18644213676452637
2345,0.010036855936050415
2346,0.0007353044407782172
2347,-0.035580992698669434
2348,0.043539464473724365
2349,-0.06806004047393799
2350,-0.07288789749145508
2351,-0.003765285015106201
2352,0.0010443925857543945
2353,-0.07787621021270752
2354,-0.025232791900634766
2355,-0.032103002071380615
2356,-0.047199249267578125
2357,0.0379890501499176
2358,-0.009673476219177246
2359,-0.062156498432159424
2360,0.02235037088394165
2361,0.02375131845474243
2362,0.02375131845474243
2363,-0.04254573583602905
2364,-0.052259743213653564
2365,-0.017340242862701416
2366,-0.0004659295082092285
2367,-0.051227033138275146
2368,-0.07833331823348999
2369,-0.029699862003326416
2370,-0.008703351020812988
2371,-0.008903324604034424
2372,-0.026656687259674072
2373,-0.02530902624130249
2374,-0.021975934505462646
2375,-0.051084041595458984
2376,0.12663066387176514
2377,-0.030192553997039795
2378,-0.021989285945892334
2379,0.14493894577026367
2380,-0.0398259162902832
2381,-0.014074385166168213
2382,0.1511951982975006
2383,0.004810720682144165
2384,-0.06810778379440308
2385,-0.028500676155090332
2386,-0.04465508460998535
2387,-0.03157758712768555
2388,0.19130364060401917
2389,-0.014483451843261719
2390,-0.06471210718154907
2391,-0.05811649560928345
2392,-0.0419653058052063
2393,-0.014009177684783936
2394,-0.07902169227600098
2395,0.0075178444385528564
2396,-0.06063354015350342
2397,0.17126187682151794
2398,-0.007623136043548584
2399,0.0007353044407782172
2400,-0.06914776563644409
2401,0.0015513300895690918
2402,-0.02450263500213623
2403,0.13985717296600342
2404,0.16956356167793274
2405,-0.017982661724090576
2406,-0.041026532649993896
2407,-0.04972749948501587
2408,-0.10594630241394043
2409,-0.053053319454193115
2410,0.15246444940567017
2411,0.10612332820892334
2412,0.007509857416152954
2413,-0.04962104558944702
2414,-0.024609684944152832
2415,-0.0054672956466674805
2416,-0.03715389966964722
2417,-0.036389946937561035
2418,-0.011776983737945557
2419,-0.07781457901000977
2420,0.16744574904441833
2421,0.15737029910087585
2422,-0.04984647035598755
2423,0.1082337498664856
2424,-0.0042092204093933105
2425,-0.008058011531829834
2426,0.15764841437339783
2427,-0.01950359344482422
2428,0.0995989739894867
2429,-0.07662558555603027
2430,-0.032245099544525146
2431,-0.10251861810684204
2432,-0.0683555006980896
2433,-0.07486933469772339
2434,-0.06432235240936279
2435,-0.036502718925476074
2436,-0.09737098217010498
2437,-0.032841384410858154
2438,-0.07473915815353394
2439,0.13762730360031128
2440,-0.07020395994186401
2441,-0.031110703945159912
2442,0.1705646812915802
2443,-0.05265682935714722
2444,0.03538060188293457
2445,-0.07247430086135864
2446,-0.06098830699920654
2447,-0.012553513050079346
2448,0.048721492290496826
2449,-0.09169715642929077
2450,-0.06393331289291382
2451,0.1517707109451294
2452,-0.06642311811447144
2453,0.1348649561405182
2454,-0.012004852294921875
2455,-0.06532549858093262
2456,-0.019720375537872314
2457,0.05585935711860657
2458,-0.061129093170166016
2459,-0.06934928894042969
2460,-0.056139230728149414
2461,-0.04497408866882324
2462,-0.015536189079284668
2463,-0.06256550550460815
2464,-0.018093585968017578
2465,-0.026851415634155273
2466,-0.04071837663650513
2467,-0.05318045616149902
2468,0.15555056929588318
2469,0.03200671076774597
2470,-0.035135507583618164
2471,0.0007353044407782172
2472,-0.03144550323486328
2473,-0.027111172676086426
2474,0.0007353044407782172
2475,-0.0256880521774292
2476,-0.0541418194770813
2477,-0.05081915855407715
2478,0.005365461111068726
2479,-0.09741443395614624
2480,-0.05757933855056763
2481,-0.009698212146759033
2482,-0.012371540069580078
2483,-0.014302372932434082
2484,-0.03977859020233154
2485,0.12340229749679565
2486,0.0007353044407782172
2487,-0.006528794765472412
2488,-0.046368420124053955
2489,-0.04162782430648804
2490,0.17126187682151794
2491,-0.03377467393875122
2492,0.0028784871101379395
2493,-0.05129873752593994
2494,0.0031793415546417236
2495,-0.01975536346435547
2496,0.14435002207756042
2497,-0.07299429178237915
2498,-0.10542428493499756
2499,-0.018660902976989746
2500,-0.05071538686752319
2501,0.14493894577026367
2502,0.03297409415245056
2503,0.12360471487045288
