,target
0,-0.041584283
1,-0.06259064
2,-0.02540542
3,-0.054751556
4,0.0153869055
5,-0.030985698
6,-0.008197814
7,-0.05781528
8,-0.049217984
9,-0.04761336
10,-0.049446966
11,-0.07551068
12,-0.007009127
13,0.19187401
14,-0.06325888
15,-0.018937282
16,-0.050023723
17,-0.04921893
18,-0.03010106
19,-0.045140427
20,-0.011735907
21,0.16107889
22,0.17340443
23,-0.006960145
24,0.00014839138
25,-0.04457831
26,0.039803557
27,0.16503869
28,-0.02728456
29,-0.03086081
30,0.04575895
31,-0.031190941
32,-0.059462216
33,-0.018620098
34,-0.078298695
35,-0.0146140875
36,-0.07170299
37,-0.06514247
38,-0.09724584
39,0.016854575
40,0.11188539
41,-0.024148187
42,0.009291644
43,0.1476558
44,-0.06211793
45,-0.04240825
46,-0.077222496
47,-0.036660697
48,0.12448204
49,-0.06333315
50,-0.06348699
51,-0.054675166
52,-0.056842536
53,-0.04588184
54,0.12476067
55,-0.030657103
56,-0.044771127
57,-0.07153871
58,-0.04314736
59,-0.039376304
60,-0.036231253
61,-0.02068855
62,-0.049843263
63,0.1605517
64,-0.02615563
65,-0.032504704
66,-0.061126325
67,0.1543108
68,-0.0534254
69,0.18194354
70,-0.0032037685
71,0.030915419
72,-0.050270103
73,-0.02462842
74,-0.032572478
75,-0.061184756
76,0.00045671305
77,-0.038546383
78,0.008631838
79,-0.06078297
80,0.1068418
81,-0.037591916
82,0.035978567
83,-0.012342004
84,-0.065683946
85,-0.059051696
86,-0.0344347
87,0.03994062
88,0.020233868
89,-0.05899828
90,-0.04728145
91,-0.03135863
92,-0.0073368996
93,-0.016743116
94,0.0049404665
95,-0.042347856
96,-0.04921175
97,-0.036555476
98,-0.03507466
99,-0.037040487
100,0.1476227
101,-0.013244655
102,0.014992929
103,-0.044984616
104,-0.04441944
105,-0.0071717785
106,-0.047289055
107,-0.041249543
108,-0.07637952
109,-0.030821366
110,-0.002864418
111,-0.049446966
112,-0.034222987
113,-0.03248906
114,0.12159438
115,-0.06518428
116,-0.009180184
117,-0.041304257
118,-0.014147822
119,-0.028205447
120,0.14892198
121,-0.064935215
122,0.17117389
123,-0.0032383343
124,0.11358987
125,-0.022003898
126,-0.0050590322
127,-0.039788958
128,0.008626328
129,-0.04502049
130,-0.016685829
131,0.04504243
132,-0.042405177
133,-0.06655063
134,-0.061918873
135,0.15907091
136,-0.04364022
137,-0.030995607
138,-0.033729054
139,-0.027899299
140,-0.056798764
141,-0.02500092
142,-0.017355317
143,-0.07629791
144,-0.026059942
145,-0.030985698
146,0.11122688
147,-0.03139867
148,-0.08347911
149,-0.06282446
150,-0.05198717
151,-0.00029979227
152,-0.039954577
153,-0.07659445
154,0.044032566
155,-0.04883867
156,-0.062129367
157,-0.030283183
158,0.13846523
159,-0.038896613
160,-0.026635846
161,0.009291644
162,0.008626328
163,0.0010691183
164,-0.020873588
165,-0.06399684
166,-0.07742345
167,-0.08943381
168,-0.00092800526
169,-0.009617089
170,0.18577777
171,-0.026336376
172,-0.063097425
173,-0.012453792
174,0.004094881
175,0.10394206
176,-0.047923274
177,-0.03365018
178,-0.03571255
179,-0.070371084
180,-0.046074975
181,-0.037781216
182,0.16956688
183,-0.0775635
184,-0.030821366
185,-0.001703809
186,-0.026343264
187,-0.062008325
188,0.12655853
189,-0.019522429
190,-0.028031964
191,-0.07026415
192,-0.028297018
193,0.130821
194,-0.028925853
195,0.15083362
196,-0.054681666
197,0.12823303
198,-0.05847361
199,-0.06154113
200,-0.023557836
201,-0.004591182
202,-0.05257555
203,-0.03889864
204,-0.008896417
205,0.1639871
206,-0.040124595
207,-0.029785497
208,0.16085261
209,-0.06923006
210,-0.06722265
211,-0.04136149
212,-0.049401943
213,0.16265027
214,-0.019386
215,-0.03332591
216,-0.058716375
217,0.18400696
218,-0.04494976
219,-0.036408804
220,0.123408034
221,-0.026630858
222,0.16024064
223,0.13376528
224,0.041828338
225,-0.038800664
226,-0.030491805
227,-0.042877764
228,-0.05212595
229,0.008708868
230,-0.020454075
231,-0.008896417
232,-0.03926558
233,-0.050069533
234,-0.07529012
235,-0.07029072
236,0.19579169
237,-0.0154559165
238,0.0114647765
239,-0.031653628
240,0.15122902
241,-0.058117904
242,-0.040781703
243,-0.028528525
244,-0.058611162
245,-0.03856055
246,-0.069899395
247,0.11861769
248,0.11534299
249,-0.037511893
250,-0.06015621
251,-0.033701375
252,-0.021327129
253,-0.06263138
254,0.047884014
255,0.16103174
256,0.026070975
257,-0.017802032
258,-0.059778836
259,-0.011603406
260,-0.05091248
261,-0.045584
262,-0.009138919
263,0.0010691183
264,-0.03576166
265,-0.020299258
266,-0.000236566
267,0.007929539
268,-0.08150455
269,-0.061250266
270,-0.02582452
271,-0.0032383343
272,0.03463096
273,0.1460661
274,-0.052240875
275,-0.06317869
276,-0.006156598
277,-0.02749749
278,-0.027380534
279,0.0068950956
280,-0.044375647
281,-0.008296294
282,-0.0032383343
283,0.16585197
284,0.17137007
285,-0.0032383343
286,0.17325065
287,-0.0855496
288,-0.030512888
289,-0.030657103
290,0.040545605
291,-0.065680474
292,-0.028914662
293,0.04287931
294,-0.040333718
295,-0.041806143
296,-0.06903164
297,-0.020353591
298,-0.01804612
299,-0.068389304
300,-0.029271558
301,-0.019035423
302,-0.072046995
303,0.12840153
304,-0.031180868
305,-0.022578027
306,0.13419692
307,-0.036439795
308,-0.014147822
309,-0.008680514
310,-0.023732264
311,0.15885419
312,-0.03357437
313,-0.044629402
314,-0.038734425
315,-0.06364716
316,0.17381474
317,-0.020299258
318,-0.029772127
319,-0.0071717785
320,-0.048165303
321,-0.026630858
322,-0.006954163
323,-0.012749456
324,-0.03862289
325,-0.0025112182
326,0.14060393
327,-0.014571489
328,-0.06414525
329,0.14804156
330,-0.07092252
331,-0.060103916
332,0.14812589
333,-0.038734425
334,-0.049783118
335,-0.044351455
336,0.1352907
337,-0.052118335
338,-0.06411606
339,0.00063505076
340,0.19518335
341,0.010165075
342,-0.032100473
343,-0.017032042
344,-0.05422861
345,-0.07571202
346,0.17384239
347,0.0039986675
348,0.020915126
349,-0.0335179
350,0.16671537
351,-0.0035825893
352,0.0053314758
353,-0.060570765
354,0.12729399
355,-0.06639531
356,0.13012806
357,-0.0436169
358,-0.03494703
359,-0.033171907
360,-0.02500092
361,-0.014493107
362,0.16028202
363,-0.046651386
364,0.040892888
365,0.03488514
366,0.114632554
367,-0.041022204
368,-0.019095587
369,-0.06761274
370,-0.02969442
371,-0.05040061
372,-0.02789436
373,0.008035205
374,0.04444938
375,-0.03510898
376,-0.04914851
377,-0.038734425
378,-0.02769667
379,-0.016582074
380,-0.032100473
381,-0.0096085165
382,-0.050738625
383,-0.050119523
384,0.047106724
385,-0.05366203
386,-0.069539614
387,-0.039465617
388,0.0073019727
389,-0.06273052
390,0.048214603
391,-0.006933454
392,0.14079426
393,-0.031127598
394,0.17610323
395,-0.040462904
396,-0.030737244
397,0.15971382
398,0.12806971
399,-0.039032795
400,0.0068950956
401,-0.02929932
402,-0.030971225
403,-0.001360906
404,0.16059415
405,-0.05360806
406,-0.0077328016
407,0.1460661
408,0.18645974
409,-0.039815065
410,-0.019665897
411,-0.03152357
412,-0.03152357
413,0.0456829
414,-0.014038238
415,0.15096538
416,-0.027268168
417,-0.03957756
418,0.035087254
419,-0.013431812
420,-0.04665615
421,-0.05302734
422,0.18773271
423,-0.049307037
424,0.1264331
425,0.17728733
426,-0.03577024
427,0.1388729
428,-0.042312384
429,-0.044696357
430,-0.012349379
431,-0.03763013
432,-0.028214524
433,0.017391516
434,-0.032399632
435,0.004104138
436,0.095861465
437,0.13409783
438,-0.059238605
439,-0.09166248
440,-0.03248906
441,0.18741894
442,-0.06686584
443,0.03295445
444,-0.027740147
445,-0.011528352
446,-0.026547983
447,-0.020353591
448,0.15034503
449,0.028587192
450,-0.010439854
451,-0.055328738
452,0.18773271
453,0.12923056
454,0.17003155
455,-0.040463697
456,-0.04690251
457,-0.029278548
458,-0.04342334
459,-0.021807302
460,-0.04498215
461,0.1350494
462,0.044647604
463,0.16302367
464,-0.08761446
465,0.0508305
466,-0.0212912
467,0.031772986
468,0.044452373
469,0.15868053
470,-0.04631407
471,0.122139774
472,-0.045395993
473,-0.019035423
474,-0.013885734
475,-0.059123825
476,-0.049180694
477,0.041188892
478,-0.03661145
479,-0.017845174
480,-0.0044368384
481,-0.037744455
482,-0.03472683
483,0.043124743
484,-0.03923534
485,0.17511655
486,0.023497438
487,-0.0016417631
488,-0.008087124
489,-0.026806938
490,0.0010691183
491,-0.04401557
492,0.13883337
493,-0.032100473
494,-0.034205094
495,-0.03180573
496,-0.009033578
497,0.008092719
498,-0.105882734
499,-0.039953653
500,-0.011573454
501,-0.016701834
502,-0.052173536
503,-0.020829227
504,-0.05585772
505,0.0065037366
506,-0.023153871
507,-0.0185637
508,-0.055809766
509,-0.043754846
510,-0.024437945
511,0.0992862
512,-0.056110494
513,-0.02646404
514,0.14524427
515,0.15034503
516,-0.022571418
517,-0.024866328
518,-0.04285954
519,0.1328433
520,0.001847219
521,3.5266155e-05
522,-0.035265096
523,0.025934266
524,-0.04067142
525,-0.053822175
526,-0.04117014
527,0.14497834
528,0.0045928317
529,-0.08035677
530,0.14589134
531,0.10548488
532,-0.072026454
533,-0.018441262
534,-0.051024836
535,0.13893126
536,-0.00938768
537,0.17340443
538,-0.06723703
539,-0.051030114
540,-0.06170133
541,0.121564224
542,-0.08231545
543,0.17097627
544,-0.035317853
545,-0.03184145
546,-0.02845446
547,0.04504243
548,-0.030624816
549,0.014343496
550,-0.009754187
551,-0.057052303
552,0.003813628
553,0.01925498
554,0.13096762
555,0.004094881
556,0.008487267
557,-0.000236566
558,-0.0414441
559,-0.048417505
560,-0.066835485
561,-0.0221009
562,-0.013708681
563,-0.060796645
564,-0.007308096
565,-0.033633504
566,0.07904623
567,-0.047404904
568,-0.020606773
569,-0.0146524
570,-0.0018736034
571,-0.03937129
572,-0.043713238
573,-0.009368572
574,-0.013600387
575,0.18524055
576,-0.054974977
577,-0.027189579
578,-0.025606988
579,-0.019489117
580,0.1260154
581,-0.05053371
582,-0.043581337
583,-0.034439713
584,0.04060237
585,-0.028465996
586,0.17879193
587,-0.024133263
588,-0.009365829
589,0.16460995
590,0.00053303497
591,-0.0018695121
592,-0.048717678
593,-0.09111007
594,0.14403424
595,-0.013244655
596,0.14777972
597,0.0153869055
598,-0.06367712
599,-0.031653628
600,-0.0185637
601,0.027685875
602,-0.054032385
603,-0.063256
604,-0.036972743
605,-0.037502833
606,-0.038890626
607,0.0039986675
608,0.13624722
609,-0.037429243
610,-0.043564025
611,-0.032798007
612,-0.015188115
613,-0.015576583
614,-0.031222872
615,-0.004775922
616,-0.036595024
617,-0.06430697
618,-0.04633094
619,-0.040849708
620,-0.10333778
621,-0.0406227
622,-0.007483747
623,0.13043216
624,-0.015789473
625,-0.005907253
626,-0.0230009
627,-0.0576393
628,-0.0870551
629,0.14675905
630,-0.061169855
631,-0.016836287
632,-0.04957417
633,-0.059011724
634,-0.0444326
635,-0.03226234
636,-0.05933279
637,-0.08187651
638,0.14119051
639,-0.042581253
640,0.16956688
641,-0.03979043
642,-0.037975926
643,-0.04675633
644,0.17783365
645,-0.018015314
646,-0.03311892
647,-0.004591182
648,-0.046518542
649,-0.013189717
650,-0.05393129
651,-0.027380534
652,-0.01831422
653,0.08056042
654,-0.004775922
655,0.041828338
656,-0.019318074
657,-0.035135254
658,-0.010018381
659,-0.037585508
660,-0.04463313
661,0.03994062
662,-0.0665203
663,-0.02749749
664,0.18194354
665,-0.0185637
666,-0.032306127
667,0.025934266
668,-0.06923311
669,-0.0660184
670,-0.021009598
671,0.11704147
672,-0.026688138
673,-0.009935664
674,0.020321814
675,0.087040104
676,0.11963913
677,-0.009050891
678,-0.008818397
679,-0.057663456
680,-0.013244655
681,-0.034945387
682,-0.054749954
683,-0.03288438
684,-0.07369111
685,-0.030932337
686,0.15824889
687,-0.021944124
688,0.1250849
689,0.00032388192
690,0.12944853
691,0.04444938
692,0.0032950358
693,0.0482596
694,-0.030228691
695,-0.04632385
696,0.01997844
697,-0.029141648
698,-0.075602144
699,-0.0464205
700,-0.058874164
701,0.15270174
702,-0.03381555
703,0.080727026
704,-0.027943483
705,0.12656891
706,-0.07054118
707,-0.08506303
708,-0.05969213
709,0.04060237
710,-0.026960328
711,0.13509254
712,0.03994062
713,0.14794806
714,-0.036408804
715,-0.04982972
716,0.009291644
717,-0.018538974
718,0.15939802
719,-0.011074325
720,-0.032208342
721,-0.04601359
722,-0.055957306
723,0.003924782
724,0.16695191
725,-0.037043158
726,-0.06198727
727,0.11892224
728,-0.052118335
729,-0.0336852
730,-0.04462995
731,-0.040238548
732,0.04504243
733,0.17498979
734,-0.058767606
735,0.14915745
736,0.13189715
737,-0.05741804
738,-0.024056511
739,-0.049901612
740,-0.089532696
741,0.16141225
742,-0.048723172
743,0.004094881
744,-0.06384228
745,0.17654598
746,-0.044258185
747,-0.07813383
748,0.13742743
749,3.5266155e-05
750,0.13569538
751,-0.011319671
752,0.005317196
753,-0.092672266
754,-0.021026812
755,-0.05555256
756,0.102788806
757,-0.0022952203
758,-0.01879495
759,0.14668639
760,-0.03806707
761,-0.026299726
762,0.15039583
763,-0.039987758
764,-0.051708445
765,0.17909978
766,-0.062274538
767,0.117187195
768,-0.004591182
769,-0.08441245
770,0.0068950956
771,-0.03978861
772,-0.008037153
773,0.161749
774,0.008631838
775,-0.011413856
776,-0.048954953
777,0.0130217755
778,-0.07551367
779,-0.07040415
780,-0.038670253
781,-0.06600686
782,-0.06739648
783,-0.07464578
784,0.12473525
785,-0.04503246
786,-0.063048325
787,0.039161824
788,0.009503101
789,-0.048225276
790,-0.019035423
791,-0.026006592
792,0.13014905
793,-0.012749456
794,0.15045652
795,0.18364008
796,-0.063571304
797,-0.052022573
798,-0.045048796
799,0.12695207
800,-0.036112353
801,0.049632095
802,-0.0012171449
803,-0.104458675
804,-0.02396016
805,-0.047895513
806,-0.045229938
807,-0.05677243
808,0.008487267
809,-0.030722007
810,-0.059057012
811,-0.05539698
812,0.12037892
813,-0.019383734
814,-0.06652257
815,-0.024587082
816,-0.010363348
817,0.16454114
818,0.016338287
819,-0.061801713
820,-0.016691824
821,0.1403614
822,-0.007308096
823,-0.0646745
824,0.15968713
825,-0.049824595
826,0.14328888
827,-0.036001686
828,0.03994062
829,0.038680375
830,0.02760037
831,-0.04631154
832,0.15692228
833,-0.021026812
834,-0.046825763
835,-0.019998675
836,-0.07295095
837,-0.04113718
838,-0.05461279
839,-0.03152357
840,0.18261255
841,-0.028504528
842,-0.009508074
843,0.18021509
844,-0.05009876
845,-0.018621048
846,-0.040343676
847,0.0032391024
848,-0.076366596
849,-0.012067599
850,0.15491644
851,-0.05809853
852,-0.010406368
853,-0.050321348
854,-0.04377793
855,-0.045504108
856,-0.016778283
857,-0.04667702
858,0.15246496
859,-0.017531093
860,0.03843082
861,-0.029772127
862,-0.048875064
863,-0.0015382227
864,-0.06672924
865,0.16721787
866,-0.021476718
867,-0.002864418
868,0.012358729
869,0.041188892
870,0.039803557
871,-0.076524965
872,0.12980804
873,-0.060593914
874,0.030915419
875,-0.034199595
876,-0.052320246
877,-0.066432014
878,-0.039250515
879,-0.044190425
880,-0.0799552
881,-0.017624907
882,-0.036415882
883,-0.06047863
884,0.044452373
885,-0.059948638
886,-0.009617089
887,-0.06885308
888,-0.030985698
889,-0.031461466
890,0.018031964
891,-0.08421416
892,-0.052039955
893,0.02152082
894,-0.060532942
895,-0.03600001
896,0.006609764
897,0.16215035
898,0.16013324
899,-0.049687073
900,-0.018028943
901,-0.046472184
902,-0.01879495
903,-0.03799679
904,-0.012453792
905,-0.006906035
906,-0.046457738
907,0.001847219
908,0.049632095
909,-0.023564873
910,-0.027877519
911,0.0028880727
912,-0.057740383
913,0.16802771
914,-0.046219137
915,-0.031653628
916,-0.044190425
917,0.1467734
918,0.00789532
919,-0.013248843
920,0.0068950956
921,-0.008913753
922,-0.051960055
923,-0.054578245
924,-0.041862737
925,-0.009242854
926,-0.04667702
927,-0.04049631
928,-0.030971225
929,-0.020353591
930,0.17350139
931,0.0149787115
932,0.03144534
933,0.16669525
934,-0.091165505
935,-0.027680282
936,0.17879193
937,-0.030195838
938,-0.031470407
939,-0.044351455
940,0.16103174
941,-0.03257339
942,-0.076496206
943,-0.045960654
944,-0.03140278
945,0.14138274
946,-0.037942093
947,-0.0063050115
948,-0.030216025
949,-0.04223593
950,-0.025009535
951,-0.04375109
952,-0.056880705
953,-0.016630217
954,-0.011074325
955,-0.02796261
956,0.1782595
957,-0.04706617
958,0.012334622
959,-0.030198716
960,-0.028925853
961,-0.06134585
962,-0.014780796
963,-0.011106482
964,0.14807358
965,0.14886507
966,-0.03661514
967,-0.043117467
968,0.011320531
969,-0.0038456065
970,-0.07236595
971,-0.012541986
972,-0.06587706
973,-0.011074325
974,-0.027311713
975,-0.04097549
976,-0.052435048
977,-0.06690918
978,-0.051467944
979,-0.013281165
980,0.15373288
981,-0.041075785
982,-0.05801387
983,-0.02918853
984,0.03843082
985,-0.03862289
986,-0.03498383
987,-0.025757302
988,-0.02872354
989,0.03295445
990,0.008626328
991,-0.03028574
992,-0.04687647
993,0.12638846
994,-0.0028641704
995,-0.055248212
996,0.17903598
997,-0.04972769
998,-0.01695594
999,0.050779853
1000,-0.026299726
1001,-0.06346872
1002,0.15049833
1003,-0.09244015
1004,0.0032950358
1005,-0.07859917
1006,-0.0095557
1007,0.0019985144
1008,-0.011133252
1009,0.13387239
1010,0.041188892
1011,-0.076623335
1012,-0.056625325
1013,-0.05848615
1014,-0.026364714
1015,-0.004153119
1016,-0.070183724
1017,-0.050345946
1018,-0.041442264
1019,-0.0637809
1020,0.12636468
1021,-0.03412178
1022,-0.063696
1023,-0.045834307
1024,0.12580414
1025,-0.054130953
1026,-0.04792292
1027,-0.048066493
1028,-0.011528352
1029,-0.05020643
1030,0.15339096
1031,-0.0336852
1032,-0.06445114
1033,-0.0919312
1034,-0.044124823
1035,-0.049268223
1036,-0.04087354
1037,-0.005907253
1038,-0.030228691
1039,-7.633626e-05
1040,-0.029180776
1041,-0.04564242
1042,-0.0551686
1043,0.0069699828
1044,-0.069963336
1045,0.14807251
1046,0.005465817
1047,-0.026960328
1048,-0.048442714
1049,-0.04361855
1050,-0.033556134
1051,-0.061608322
1052,-0.028414587
1053,-0.0077104294
1054,-0.014164774
1055,0.16503869
1056,0.13568823
1057,0.14843553
1058,-0.030624816
1059,-0.04573691
1060,-0.009033578
1061,-0.049049255
1062,-0.08160814
1063,0.13088393
1064,0.13274074
1065,-0.021009598
1066,-0.0436563
1067,-0.06012359
1068,0.15895864
1069,-0.06331513
1070,-0.053426508
1071,-0.022795161
1072,-0.044590168
1073,0.1617667
1074,-0.005432138
1075,-0.06518428
1076,0.13024296
1077,0.14777972
1078,0.040892888
1079,-0.048071522
1080,-0.03386084
1081,-0.014217317
1082,-0.04926983
1083,-0.010579375
1084,-0.017032042
1085,-0.056467976
1086,0.11234432
1087,-0.026946692
1088,-0.07177954
1089,-0.05107041
1090,0.00045671305
1091,0.019449214
1092,-0.057141475
1093,-0.023275368
1094,-0.036112353
1095,-0.019916112
1096,-0.08887447
1097,0.12889044
1098,-0.053875394
1099,-0.059566583
1100,-0.04519994
1101,0.14571822
1102,-0.018028943
1103,0.020610452
1104,-0.06565006
1105,-0.091523
1106,-5.734037e-05
1107,-0.03200331
1108,-0.06983387
1109,-0.027351715
1110,-0.056340333
1111,-0.026996797
1112,-0.006171692
1113,-0.031159626
1114,-0.08675062
1115,-0.033756055
1116,-0.0153050525
1117,-0.05891945
1118,-0.066831954
1119,0.11982241
1120,-0.004258078
1121,-0.047299337
1122,-0.0044155475
1123,-0.022630006
1124,-0.061589383
1125,-0.05366585
1126,-0.032113127
1127,-0.054214448
1128,-0.053948287
1129,0.18194354
1130,-0.027897991
1131,0.0015240738
1132,-0.037894826
1133,-0.062027406
1134,-0.07229945
1135,-0.015836233
1136,0.130821
1137,0.15029022
1138,-0.03969523
1139,-0.051119752
1140,0.0015742591
1141,-0.008037153
1142,-0.050939657
1143,-0.008223227
1144,-0.046990316
1145,-0.057554014
1146,-0.09858248
1147,-0.006960145
1148,0.16554795
1149,0.12919864
1150,0.12081183
1151,-0.03925378
1152,-0.02788951
1153,-0.047543477
1154,-0.044380765
1155,0.039803557
1156,-0.010768449
1157,-0.013281165
1158,-0.025208585
1159,-0.030447004
1160,-0.055626072
1161,0.018901477
1162,-0.0707048
1163,-0.008913753
1164,-0.03806707
1165,0.020233868
1166,0.00053303497
1167,-0.02445325
1168,-0.06833409
1169,0.14707938
1170,-0.07810644
1171,0.18719815
1172,0.13428915
1173,0.0046521523
1174,-0.08462998
1175,-0.07190945
1176,0.012680711
1177,-0.038348567
1178,0.04287931
1179,0.015829979
1180,-0.03319395
1181,-0.04591918
1182,-0.03135863
1183,0.11171968
1184,0.014992929
1185,0.16400845
1186,-0.030160064
1187,0.041188892
1188,0.012358729
1189,-0.05407249
1190,-0.05737602
1191,-0.058819022
1192,-0.026162628
1193,-0.06313755
1194,-0.013281165
1195,0.0069699828
1196,-0.051134918
1197,-0.032287896
1198,-0.064728245
1199,0.009636164
1200,-0.0012171449
1201,-0.037344735
1202,0.17928638
1203,0.14547731
1204,0.1670258
1205,0.007043043
1206,-0.06921427
1207,-0.04667702
1208,-0.067139186
1209,-0.074268706
1210,-0.044394463
1211,-0.090809226
1212,-0.008691345
1213,-0.0012559613
1214,-0.023805307
1215,-0.008913753
1216,-0.019638676
1217,0.15874648
1218,-0.03769303
1219,-0.045669354
1220,0.0051493403
1221,0.12710646
1222,-0.05040756
1223,-0.030624816
1224,-0.0021252097
1225,0.12884188
1226,-0.03586304
1227,-0.0016115777
1228,-0.055007722
1229,-0.030753812
1230,-0.033584967
1231,0.14141561
1232,-0.06833228
1233,0.012334622
1234,0.0146768605
1235,-0.060573302
1236,0.17350139
1237,-0.0650095
1238,-0.0073038386
1239,-0.053778462
1240,0.043124743
1241,0.13439965
1242,-0.0336852
1243,-0.08750029
1244,-0.07947428
1245,-0.038816437
1246,-0.028005268
1247,0.12924008
1248,0.0060151992
1249,-0.015488113
1250,-0.010722589
1251,-0.046815682
1252,0.18645974
1253,0.18003513
1254,-0.04498769
1255,-0.03325587
1256,-0.032939926
1257,-0.026875323
1258,-0.06066083
1259,-0.01831422
1260,-0.045584
1261,-0.05169976
1262,0.15246496
1263,-0.061685506
1264,0.019663809
1265,-0.060412753
1266,-0.008087124
1267,-0.024978356
1268,-0.014796196
1269,-0.061376475
1270,-0.08870079
1271,-0.038445815
1272,-0.02646404
1273,-0.01119846
1274,-0.027072271
1275,-0.0021252097
1276,-0.068959855
1277,-0.04631154
1278,0.01583836
1279,-0.036190066
1280,-0.024360146
1281,0.019785963
1282,-0.046076957
1283,-0.03152357
1284,-0.035732705
1285,-0.018586526
1286,0.13632041
1287,-0.052967925
1288,0.13025692
1289,0.037349433
1290,-0.035449475
1291,-0.057774484
1292,-0.0400141
1293,-0.04256408
1294,-0.030555196
1295,-0.05726126
1296,0.1295448
1297,0.15516286
1298,-0.030283183
1299,-0.05809853
1300,0.1311275
1301,-0.030075923
1302,-0.017034842
1303,-0.041742392
1304,-0.017930964
1305,0.03924813
1306,0.13086279
1307,0.0062604984
1308,-0.044190425
1309,-0.027566195
1310,-0.0036362165
1311,-0.076945275
1312,-0.009345679
1313,0.15691985
1314,0.0027309465
1315,-0.059676144
1316,0.13913885
1317,-0.030517196
1318,-0.032632
1319,-0.04930113
1320,-0.064602405
1321,0.047884014
1322,-0.040195704
1323,0.0181452
1324,-0.053468604
1325,0.16085261
1326,-0.09083819
1327,-0.023153871
1328,-0.054811314
1329,-0.067265764
1330,-0.06618119
1331,-0.05362077
1332,-0.057137847
1333,0.0048901048
1334,-0.003980472
1335,-0.044865847
1336,-0.026924318
1337,-0.005121207
1338,-0.052076153
1339,-0.075148895
1340,-0.042568024
1341,-0.035954304
1342,-0.051709387
1343,0.15441966
1344,0.040892888
1345,-0.06857543
1346,-0.07494776
1347,-0.0154559165
1348,-0.061700568
1349,-0.040428378
1350,-0.057191
1351,-0.09315013
1352,-0.03923534
1353,-0.040027756
1354,-0.023153871
1355,-0.04030756
1356,-0.099315725
1357,-0.046926226
1358,-0.023744702
1359,0.110468015
1360,-0.06984555
1361,-0.013189717
1362,-0.04984324
1363,-0.03190891
1364,0.17796397
1365,-0.032823056
1366,0.18645974
1367,-0.0335179
1368,-0.05197298
1369,-0.06365331
1370,0.0020064835
1371,-0.058433305
1372,-0.02445325
1373,-0.029820565
1374,0.014782069
1375,-0.06807212
1376,-0.06896209
1377,0.03534989
1378,-0.052422438
1379,-0.094773814
1380,-0.031928368
1381,0.13079938
1382,-0.0075364145
1383,-0.066138715
1384,-0.04559111
1385,-0.033340372
1386,-0.048068002
1387,-0.04968021
1388,-0.03291726
1389,-0.009935664
1390,0.03295445
1391,0.0482596
1392,-0.026355589
1393,-0.02550115
1394,-0.04883867
1395,-0.012286385
1396,0.15327415
1397,-0.025322182
1398,-0.03593213
1399,0.13077673
1400,0.15763068
1401,-0.03928091
1402,-0.03032818
1403,-0.009174046
1404,-0.009617089
1405,-0.018801915
1406,-0.027380534
1407,-0.050771687
1408,-0.031461466
1409,0.047094364
1410,0.04835549
1411,0.020377325
1412,-0.046065707
1413,0.005079176
1414,-0.091237865
1415,0.1391223
1416,-0.045836613
1417,-0.0028641704
1418,-0.043117467
1419,-0.043602183
1420,-0.024251368
1421,-0.021537587
1422,-0.029772127
1423,-0.0712863
1424,-0.030512888
1425,-0.001356724
1426,0.04835549
1427,3.5266155e-05
1428,-0.027659766
1429,0.13878696
1430,-0.011074325
1431,-0.013244655
1432,0.13171062
1433,-0.03785831
1434,-0.06380012
1435,0.14854185
1436,0.14786345
1437,-0.013674317
1438,-0.030932337
1439,0.03706348
1440,-0.029580431
1441,-0.054617237
1442,-0.026873438
1443,0.13003176
1444,0.14067164
1445,-0.04434588
1446,-0.07712501
1447,0.18557374
1448,-0.029852575
1449,-0.020398177
1450,-0.027515722
1451,-0.013382817
1452,-0.07236736
1453,-0.041245565
1454,-0.054896563
1455,-0.041963693
1456,-0.0026916063
1457,-0.034663394
1458,0.001847219
1459,-0.048388816
1460,-0.020172633
1461,-0.048992444
1462,-0.07732758
1463,0.10474997
1464,-0.044776503
1465,-0.059910554
1466,-0.07734059
1467,-0.041357275
1468,-0.06517394
1469,-0.045301292
1470,0.12748803
1471,-0.073211774
1472,-0.0400131
1473,0.023249758
1474,-0.017883949
1475,-0.07391567
1476,-0.0696376
1477,-0.03500444
1478,-0.045897722
1479,-0.016924465
1480,-0.02808947
1481,0.09395531
1482,-0.02212819
1483,-0.058824375
1484,-0.029751528
1485,-0.026040027
1486,0.17472388
1487,-0.011821291
1488,-0.056141257
1489,0.15321124
1490,-0.03938958
1491,-0.039401792
1492,-0.055013042
1493,-0.025951535
1494,0.19518335
1495,-0.082026444
1496,-0.011168943
1497,-0.061155334
1498,0.18495046
1499,-0.061125282
1500,0.14071135
1501,-0.039674148
1502,-0.06960663
1503,-0.031058436
1504,-0.029136041
1505,0.044647604
1506,-0.0025112182
1507,-0.06566917
1508,-0.031222872
1509,-0.017463792
1510,0.16712719
1511,0.1367384
1512,-0.03760088
1513,-0.06607853
1514,0.17014997
1515,-0.05601519
1516,-0.0602566
1517,0.16013324
1518,-0.060292404
1519,-0.031653628
1520,-0.035854355
1521,-0.026288267
1522,-0.03382305
1523,-0.05022104
1524,-0.052017815
1525,-0.03034788
1526,-0.032100473
1527,-0.00040137998
1528,0.009395234
1529,0.1459267
1530,-0.058871873
1531,-0.07047658
1532,0.14225055
1533,-0.08674682
1534,-0.03149816
1535,-0.05214853
1536,-0.029057374
1537,0.13831165
1538,-0.05929449
1539,-0.019193064
1540,-0.031183386
1541,0.0049404665
1542,-0.026996797
1543,-0.07756227
1544,-0.0651939
1545,-0.06649008
1546,0.15026295
1547,-0.07172151
1548,-0.04043726
1549,-0.016506666
1550,-0.015263947
1551,-0.05206224
1552,-0.019611264
1553,-0.036415882
1554,0.16787496
1555,-0.051721618
1556,-0.035276443
1557,-0.018027026
1558,0.15752967
1559,-0.058247503
1560,-0.10282147
1561,-0.026299618
1562,0.15850072
1563,0.16400845
1564,0.14140205
1565,0.11041127
1566,0.00045671305
1567,-0.012626303
1568,-0.043010414
1569,-0.049904082
1570,-0.00016130164
1571,-0.06503216
1572,-0.05735344
1573,0.04024061
1574,0.19455267
1575,0.14514343
1576,0.012405349
1577,-0.005232037
1578,-0.06592913
1579,-0.013099321
1580,-0.010081506
1581,-0.055926386
1582,-0.022278221
1583,-0.065403715
1584,0.026402382
1585,0.0012838214
1586,-0.031966496
1587,-0.034589294
1588,-0.06593302
1589,0.1617273
1590,-0.030821366
1591,0.14213504
1592,0.12458473
1593,-0.046249058
1594,-0.0051524253
1595,0.18194354
1596,-0.030283438
1597,-0.038734425
1598,0.0011542278
1599,0.0053661936
1600,0.0482596
1601,0.012657149
1602,0.08250306
1603,-0.047771856
1604,-0.0361786
1605,-0.04486235
1606,-0.04530139
1607,-0.028107028
1608,-0.01888314
1609,0.029738724
1610,-0.02133582
1611,0.17246126
1612,0.0019597355
1613,0.038680375
1614,0.13530684
1615,-0.034258652
1616,-0.066681795
1617,-0.026299726
1618,-0.024484431
1619,-0.07030359
1620,-0.06908115
1621,-0.069112785
1622,-0.040545907
1623,-0.02749749
1624,0.17517851
1625,0.012426594
1626,-0.03963125
1627,-0.006156598
1628,-0.008015243
1629,-0.02534374
1630,-0.031378966
1631,-0.05925785
1632,-0.05940574
1633,0.019683635
1634,-0.056070898
1635,0.1513037
1636,-0.05084778
1637,0.13028729
1638,-0.020299258
1639,0.00092526054
1640,-0.0549383
1641,-0.036231253
1642,-0.047710788
1643,-0.030722007
1644,-0.04424148
1645,-0.06350212
1646,-0.038890626
1647,0.0147482045
1648,-0.05215724
1649,0.18741894
1650,-0.036439795
1651,0.009291644
1652,-0.015061614
1653,-0.027357304
1654,0.124010056
1655,-0.064814776
1656,-0.042796377
1657,-0.036144733
1658,-0.034489572
1659,-0.02659803
1660,0.13170722
1661,0.008189488
1662,0.0020681946
1663,-0.034895066
1664,0.03706348
1665,-0.030296385
1666,-0.031223658
1667,-0.043801118
1668,-0.01838948
1669,0.142739
1670,-0.014147822
1671,-0.09252525
1672,0.14014833
1673,-0.038717307
1674,0.00789532
1675,-0.030624816
1676,-0.037110988
1677,-0.029278548
1678,0.1434615
1679,-0.04431494
1680,-0.050054833
1681,0.011383004
1682,-0.060382437
1683,-0.029364686
1684,0.16840737
1685,-0.035265096
1686,-0.025757302
1687,0.116213165
1688,-0.030573262
1689,0.0064950385
1690,-0.04555691
1691,-0.0028641704
1692,-0.013660907
1693,-0.03090806
1694,-0.04401557
1695,0.16508968
1696,-0.069546185
1697,-0.061281994
1698,-0.025009535
1699,-0.076516345
1700,-0.026996797
1701,-0.06430354
1702,0.16562802
1703,0.1853907
1704,0.17070189
1705,-0.03204766
1706,-0.05291275
1707,-0.035405654
1708,-0.026630858
1709,-0.054011263
1710,-0.0153050525
1711,-0.048868425
1712,0.15750694
1713,-0.030821366
1714,-0.026873438
1715,-0.06578487
1716,-0.08145024
1717,-0.031530555
1718,-0.032225285
1719,0.1202161
1720,-0.007580312
1721,-0.0015328086
1722,-0.057588354
1723,-0.0318624
1724,-0.024546143
1725,-0.017034842
1726,0.040892888
1727,-0.007580312
1728,-0.04122632
1729,-0.020398177
1730,-0.031782452
1731,-0.037245218
1732,-0.04554321
1733,-0.033613544
1734,0.0017237396
1735,-0.0046545896
1736,-0.012997721
1737,-0.028297048
1738,0.14174855
1739,0.12883916
1740,0.0028114656
1741,0.12981202
1742,0.12672241
1743,0.024874246
1744,-0.007308096
1745,-0.06478479
1746,0.035978567
1747,-0.01369692
1748,-0.051882237
1749,-0.010079699
1750,-0.014443441
1751,-0.06107041
1752,-0.0028641704
1753,-0.024966188
1754,-0.04288056
1755,-0.041862737
1756,0.04024061
1757,-0.051682215
1758,-0.05417914
1759,0.0027309465
1760,-0.03806707
1761,-0.023815291
1762,-0.04498769
1763,0.0046425387
1764,-0.04498769
1765,-0.04457337
1766,0.13206652
1767,-0.045465518
1768,-0.05094022
1769,-0.08802457
1770,-0.040238548
1771,-0.03477856
1772,-0.012864655
1773,-0.024049662
1774,-0.020606773
1775,-0.04948733
1776,0.008169848
1777,-0.04754339
1778,-0.023658244
1779,-0.03277858
1780,-0.00808719
1781,-0.00915249
1782,-0.06763148
1783,0.04024061
1784,-0.061779547
1785,-0.041704316
1786,-0.034172464
1787,-0.011828197
1788,-0.013099321
1789,-0.029852575
1790,-0.02996813
1791,-0.045684934
1792,-0.04336485
1793,-0.020025013
1794,-0.036231253
1795,-0.039389063
1796,-0.006906035
1797,-0.05334189
1798,-0.045209464
1799,-0.07246391
1800,0.14110897
1801,-0.061222263
1802,-0.046905547
1803,-0.019159958
1804,-0.025501395
1805,-0.024155313
1806,0.17455074
1807,0.11904615
1808,-0.009174046
1809,-0.062005915
1810,-0.06723066
1811,-0.048985165
1812,-0.048066493
1813,-0.002864418
1814,-0.013013196
1815,-0.011885477
1816,-0.007308096
1817,0.118416294
1818,-0.004775922
1819,-0.04067142
1820,0.009011992
1821,-0.0335179
1822,-0.05444875
1823,-0.041357275
1824,-0.007013009
1825,0.0041623446
1826,-0.045584
1827,-0.045166567
1828,-0.060998477
1829,-0.008928162
1830,-0.030216025
1831,-0.025009535
1832,0.12868574
1833,-0.020757593
1834,-0.050939154
1835,-0.02250539
1836,-0.052240968
1837,-0.030511882
1838,-0.036281183
1839,-0.054601587
1840,-0.036130033
1841,-0.027072271
1842,-0.028902993
1843,-0.08338856
1844,-0.06806477
1845,-0.06755189
1846,-0.0519897
1847,-0.017310036
1848,-0.057630118
1849,0.13846019
1850,0.17730291
1851,0.11641283
1852,-0.041620344
1853,-0.048871923
1854,0.17511655
1855,-0.05119829
1856,-0.03513732
1857,0.16706067
1858,0.17997804
1859,-0.006992245
1860,0.15145114
1861,0.1337429
1862,-0.04029531
1863,0.17259675
1864,-0.002233814
1865,-0.010653204
1866,-0.05065311
1867,-0.07364943
1868,0.020127963
1869,0.1467734
1870,-0.020243412
1871,0.1563304
1872,-0.010730051
1873,-0.009269751
1874,-0.019821426
1875,-0.00453218
1876,-0.04677581
1877,-0.0208195
1878,-0.06331998
1879,0.13070126
1880,-0.030522525
1881,-0.008197814
1882,-0.03475038
1883,-0.03357437
1884,3.5266155e-05
1885,-0.028214524
1886,-0.029459188
1887,0.18519755
1888,-0.04529231
1889,-0.043457706
1890,-0.014979632
1891,0.0073938565
1892,0.0012838214
1893,0.15648685
1894,0.00045671305
1895,0.16132116
1896,0.16337588
1897,-0.059927598
1898,0.15636344
1899,0.18125124
1900,-0.006960145
1901,0.018110167
1902,-0.026162816
1903,-0.06423598
1904,0.0028880727
1905,-0.0708882
1906,-0.01771
1907,-0.011528352
1908,-0.008199481
1909,-0.038498603
1910,-0.03779923
1911,-0.029278548
1912,-0.015307899
1913,-0.027072271
1914,0.1294867
1915,-0.05805806
1916,-0.014099113
1917,-0.046347518
1918,-0.047588497
1919,-0.019832056
1920,-0.019134097
1921,-0.06401224
1922,-0.014585064
1923,-0.008784485
1924,0.15685505
1925,0.1717036
1926,0.04060237
1927,-0.043710034
1928,-0.0055644535
1929,-0.037626386
1930,-0.057728082
1931,-0.03247222
1932,0.03463096
1933,-0.05894875
1934,-0.10051457
1935,-0.024875103
1936,-0.017006138
1937,-0.052118335
1938,-0.030722007
1939,-0.015676275
1940,-0.045138016
1941,-0.055010542
1942,0.16864254
1943,0.13702343
1944,-0.054523394
1945,-0.045834307
1946,-0.06355714
1947,-0.057386946
1948,-0.0019137614
1949,-0.018190399
1950,-0.065994635
1951,0.032876734
1952,-0.027594237
1953,-0.025643492
1954,-0.04275789
1955,0.1373575
1956,-0.03564224
1957,-0.018032374
1958,-0.043788128
1959,0.16345349
1960,0.17210394
1961,-0.017382242
1962,0.17785664
1963,-0.052733418
1964,-0.07199175
1965,0.03843082
1966,-0.013396269
1967,-0.037794124
1968,-0.056187354
1969,-0.013929002
1970,-0.037714392
1971,-0.03873931
1972,-0.09090647
1973,-0.04612864
1974,-0.021990035
1975,-0.048791107
1976,0.035752732
1977,-0.042274598
1978,-0.058275864
1979,0.16019073
1980,0.18524055
1981,-0.030255413
1982,-0.02017764
1983,0.0153869055
1984,-0.008208123
1985,-0.015954826
1986,-0.017531093
1987,-0.01310028
1988,-0.08530957
1989,0.032876734
1990,-0.03964685
1991,-0.024148187
1992,-0.046975885
1993,0.15719688
1994,0.14162302
1995,-0.011015446
1996,-0.057926435
1997,-0.026343264
1998,0.027215445
1999,-0.07465899
2000,-0.057121094
2001,-0.034486853
2002,0.012334622
2003,0.18955529
2004,0.16726051
2005,0.00045671305
2006,-0.008199481
2007,-0.041143324
2008,-0.06461938
2009,-0.044412643
2010,-0.0532446
2011,0.1640938
2012,-0.008785846
2013,-0.068832986
2014,0.15914258
2015,-0.05812192
2016,0.12993382
2017,0.1491729
2018,0.008487267
2019,-0.042969484
2020,-0.04980381
2021,-0.0032383343
2022,-0.0662371
2023,0.13394764
2024,-0.030907609
2025,0.043124743
2026,0.13677494
2027,0.018176218
2028,-0.025009535
2029,-0.037250936
2030,-0.018819086
2031,-0.002864418
2032,-0.004775922
2033,-0.008087124
2034,0.050779853
2035,-0.028043324
2036,0.1462628
2037,-0.010840294
2038,-0.04498769
2039,0.04287931
2040,0.014947624
2041,0.14019364
2042,-0.037313472
2043,-0.030722007
2044,-0.040448826
2045,-0.042594273
2046,-0.046945658
2047,0.04287931
2048,0.03198969
2049,-0.017401805
2050,0.017262978
2051,-0.038769342
2052,0.023524748
2053,0.022365112
2054,0.019835236
2055,-0.029124815
2056,-0.033497524
2057,-0.055831585
2058,-0.01819779
2059,-0.045999836
2060,-0.040848956
2061,-0.049816404
2062,-0.011689754
2063,0.050779853
2064,-0.015939213
2065,-0.03357437
2066,-0.07523007
2067,-0.062182546
2068,-0.033701375
2069,-0.05926092
2070,-0.09189655
2071,-0.028804116
2072,0.04024061
2073,-0.037626386
2074,-0.044490866
2075,-0.027368022
2076,-0.03347782
2077,0.006331667
2078,-0.02092416
2079,-0.039132487
2080,-0.00878737
2081,-0.0668111
2082,-0.03015646
2083,-0.04752274
2084,-0.050540123
2085,-0.043004874
2086,0.1474353
2087,-0.020353591
2088,0.12176764
2089,0.19292909
2090,0.0034713917
2091,-0.0154559165
2092,0.1373232
2093,-0.07019154
2094,0.14678948
2095,-0.00038740935
2096,-0.057619266
2097,-0.08575256
2098,-0.03347782
2099,-0.027084962
2100,0.04287931
2101,0.008487267
2102,0.0118775815
2103,0.1502902
2104,-0.034191053
2105,-0.022431318
2106,-0.04188734
2107,-0.006156598
2108,-0.03226234
2109,-0.011015446
2110,-0.06614163
2111,-0.020398177
2112,-0.0077931196
2113,-0.016763566
2114,0.11949527
2115,-0.0185637
2116,0.0017340326
2117,-0.033660784
2118,-0.029701382
2119,-0.031005457
2120,-0.042214256
2121,0.006932374
2122,-0.05112958
2123,0.009011148
2124,-0.0021252097
2125,-0.05411215
2126,-0.037361737
2127,-0.028426584
2128,-0.042774465
2129,-0.026858564
2130,0.0019597355
2131,-0.01433129
2132,0.11792543
2133,0.16964789
2134,-0.05893066
2135,-0.033324134
2136,0.02441483
2137,-0.02633787
2138,0.13445118
2139,0.11229736
2140,-0.07429372
2141,-0.059600096
2142,-0.030932337
2143,-0.051562324
2144,-0.07547536
2145,-0.0005390411
2146,-0.0365524
2147,0.00053303497
2148,-0.043103993
2149,-0.03414003
2150,-0.021368533
2151,0.04835549
2152,-0.046966482
2153,-0.016342808
2154,-0.07173648
2155,-0.06824581
2156,0.16414727
2157,-0.029604265
2158,-0.091155194
2159,0.004094881
2160,-0.019489117
2161,-0.044984616
2162,-0.017032992
2163,-0.044695225
2164,-0.038344968
2165,0.15138128
2166,-0.0640051
2167,-0.013189717
2168,0.04287931
2169,-0.047264896
2170,-0.05807579
2171,-0.018819086
2172,0.03853224
2173,0.0062601888
2174,-0.012349379
2175,-0.009235955
2176,-0.007580312
2177,-0.013396269
2178,-0.019361235
2179,0.123824336
2180,-0.010832409
2181,0.1912855
2182,-0.045068804
2183,-0.05795908
2184,-0.059997335
2185,-0.04005077
2186,-0.017086487
2187,-0.02959881
2188,-0.0564465
2189,-0.036602546
2190,-0.05953606
2191,0.14813903
2192,-0.048355777
2193,-0.031054288
2194,-0.017444925
2195,-0.04338331
2196,0.03295445
2197,-0.033497524
2198,-0.015329415
2199,0.12629636
2200,-0.037245218
2201,-0.07557258
2202,-0.041584283
2203,0.0029025804
2204,0.16511212
2205,0.04060237
2206,0.15845487
2207,0.17491753
2208,0.0035322434
2209,-0.039550696
2210,-0.04489281
2211,-0.024886532
2212,-0.03877122
2213,-0.074351236
2214,-0.0043716966
2215,-0.052118335
2216,-0.020109087
2217,-0.05755214
2218,0.097129285
2219,0.15354833
2220,-0.05036246
2221,-0.063954756
2222,0.03924813
2223,-0.054374196
2224,-0.043047395
2225,-0.047010615
2226,0.0018907526
2227,-0.049383324
2228,0.03843082
2229,0.03534989
2230,0.010197615
2231,0.1440227
2232,0.16965094
2233,-0.049133413
2234,-0.061345004
2235,-0.07744079
2236,0.15242644
2237,0.13878499
2238,0.1459412
2239,-0.046835184
2240,0.1885635
2241,-0.03226234
2242,-0.035106204
2243,-0.0180388
2244,-0.046595253
2245,-0.058489144
2246,0.17627737
2247,-0.011735907
2248,-0.05248405
2249,-0.06745314
2250,0.022365112
2251,-0.048140302
2252,0.027021004
2253,-0.038690433
2254,-0.06333366
2255,0.020377325
2256,-0.014642055
2257,-0.07161729
2258,-0.017034842
2259,-0.0622677
2260,0.013418779
2261,-0.06198238
2262,-0.10840635
2263,0.01379104
2264,-0.026630858
2265,-0.057603143
2266,-0.03565944
2267,0.18704888
2268,-0.035556752
2269,-0.0810922
2270,-0.02878263
2271,-0.007111251
2272,-0.0573591
2273,0.14186932
2274,-0.068000965
2275,0.008631838
2276,-0.031180868
2277,-0.04040752
2278,-0.06445318
2279,-0.055444676
2280,0.13766596
2281,-0.02010003
2282,0.13616824
2283,0.1429488
2284,-0.076623335
2285,-0.031378966
2286,-0.038637925
2287,-0.08312003
2288,-0.007082022
2289,-0.020398177
2290,0.14695215
2291,-0.037361737
2292,-0.0111360205
2293,-0.0531958
2294,0.11970831
2295,-0.04418054
2296,-0.0003231589
2297,-0.0014586494
2298,-0.03479868
2299,0.17210394
2300,0.13227518
2301,-0.07893891
2302,-0.0153050525
2303,0.025092345
2304,-0.04332177
2305,0.00013697759
2306,-0.004389999
2307,-0.03896183
2308,0.13772878
2309,-0.02523834
2310,-0.042083807
2311,-0.028318832
2312,0.009183298
2313,-0.051800597
2314,-0.027351715
2315,-0.04375109
2316,-0.053617693
2317,-0.025866378
2318,-0.015999734
2319,-0.048884157
2320,0.025110433
2321,-0.008223227
2322,-0.008036323
2323,-0.058077253
2324,-0.07260929
2325,-0.013396269
2326,-0.049451906
2327,-0.049305506
2328,-0.049549393
2329,-0.032306127
2330,0.14091109
2331,-0.026873438
2332,0.13400188
2333,-0.037071764
2334,-0.042598274
2335,0.1256061
2336,-0.01127052
2337,-0.027139252
2338,-0.05661308
2339,0.15319173
2340,0.049632095
2341,0.18802378
2342,-0.050236933
2343,-0.06846389
2344,0.17654598
2345,0.014172136
2346,0.15551585
2347,-0.015914662
2348,0.03853224
2349,-0.06795049
2350,-0.049875263
2351,-0.008037153
2352,-0.012349379
2353,-0.05704439
2354,-0.034615215
2355,-0.05015277
2356,-0.02814247
2357,0.035731364
2358,-0.019489117
2359,-0.05423588
2360,0.024929896
2361,0.020377325
2362,0.020377325
2363,-0.05882658
2364,-0.057686254
2365,0.00017259261
2366,-0.027380534
2367,-0.061973803
2368,-0.02158761
2369,-0.04190873
2370,-0.013189717
2371,-0.008896417
2372,-0.030075923
2373,-0.013321509
2374,-0.049333237
2375,-0.05362077
2376,0.14807251
2377,-0.023308692
2378,-0.017227856
2379,0.1831316
2380,-0.006706821
2381,-0.034222987
2382,0.1731316
2383,-0.0018695121
2384,-0.055363532
2385,-0.0171877
2386,-0.03129462
2387,-0.030103344
2388,0.17903598
2389,0.0130217755
2390,-0.04759231
2391,-0.043040976
2392,-0.054639652
2393,-0.028526187
2394,-0.06896449
2395,0.03004146
2396,-0.039661046
2397,0.18186009
2398,0.037962202
2399,-0.021026812
2400,-0.060381934
2401,0.00789532
2402,0.010761554
2403,0.1539403
2404,0.17958872
2405,-0.043822028
2406,-0.06360548
2407,-0.05611818
2408,-0.10981597
2409,-0.03205033
2410,0.17289275
2411,0.10040789
2412,0.0039986675
2413,-0.0093120765
2414,-0.021537587
2415,-0.016302673
2416,-0.03249574
2417,-0.041933287
2418,0.0019597355
2419,-0.06642331
2420,0.12360592
2421,0.1437578
2422,-0.064565614
2423,0.122915946
2424,-0.004389999
2425,-0.010391655
2426,0.1558299
2427,-0.010216826
2428,0.120019324
2429,-0.059196394
2430,-0.04460225
2431,-0.07271862
2432,-0.08777378
2433,-0.05255074
2434,-0.056064643
2435,-0.025468312
2436,-0.09120829
2437,-0.07196253
2438,-0.063152574
2439,0.1242694
2440,-0.040786665
2441,-0.018819219
2442,0.15755688
2443,-0.06691104
2444,0.044647604
2445,-0.06449067
2446,-0.07015347
2447,-0.023153871
2448,0.047884014
2449,-0.06832154
2450,-0.08450959
2451,0.17728733
2452,-0.05395551
2453,0.14020671
2454,-0.031565424
2455,-0.06694121
2456,-0.008458351
2457,0.0508305
2458,-0.056391478
2459,-0.055689104
2460,-0.03557381
2461,-0.055186786
2462,-0.045564864
2463,-0.083619125
2464,-0.046062965
2465,0.01851333
2466,-0.046249058
2467,-0.042417973
2468,0.17661387
2469,0.04444938
2470,-0.040505916
2471,0.1507405
2472,-0.03562996
2473,-0.043457005
2474,-0.05303267
2475,-0.028031964
2476,-0.073959954
2477,-0.042997297
2478,0.008386622
2479,-0.038421933
2480,-0.0652826
2481,-0.00028291607
2482,-0.008197814
2483,0.012334622
2484,-0.028489554
2485,0.1388729
2486,-0.048928883
2487,-0.008292581
2488,-0.04872467
2489,-0.040528994
2490,0.18186009
2491,-0.030932337
2492,0.017935814
2493,-0.022480767
2494,0.0021988829
2495,-0.038735904
2496,0.12748803
2497,-0.07269008
2498,-0.08221915
2499,-0.024395904
2500,-0.043185253
2501,0.1831316
2502,0.03295445
2503,0.11674262
